name,excellent,very_good,average,poor,terrible
numa l Belfort Rooms & Apartments,7,1,0,0,0
Adina Apartment Hotel Berlin Hackescher Markt,3332,1144,165,50,36
Hotel Zoo Berlin,613,202,81,46,46
NH Collection Berlin Mitte Friedrichstrasse,1528,648,119,29,13
Hampton by Hilton Berlin City Centre Alexanderplatz,715,511,150,49,25
Pullman Berlin Schweizerhof,2729,1217,223,49,33
numa l Drift Rooms & Apartments,16,3,2,2,2
AMERON Berlin ABION Spreebogen Waterside,513,601,193,35,21
nhow Berlin,2584,1070,346,109,93
NH Collection Berlin Mitte am Checkpoint Charlie,1427,1272,375,125,80
Hotel ZOE by AMANO,705,461,113,23,23
Vienna House Easy Berlin,155,86,19,6,8
Monbijou Hotel,276,278,67,16,9
Park Inn by Radisson Berlin Alexanderplatz,2712,4553,2446,880,534
Dorint Kurfurstendamm Berlin,2444,841,182,66,47
Radisson Blu Hotel Berlin,3709,2092,563,183,123
Scandic Berlin Potsdamer Platz,2475,1556,377,126,79
Estrel Berlin,369,695,383,92,55
Pestana Berlin Tiergarten,852,578,125,40,29
B&B Hotel Berlin-Potsdamer Platz,141,133,30,4,5
a&o Berlin Kolumbus,73,117,115,48,69
Maritim proArte Hotel Berlin,397,610,296,84,39
MEININGER Hotel Berlin Tiergarten,66,84,23,6,13
Hotel Romy By Amano,9,0,0,1,0
ARCOTEL John F Berlin,804,730,141,34,25
Seminaris CampusHotel Berlin,264,319,94,27,11
B&B Hotel Berlin-Tiergarten,128,75,26,8,4
ONE80 Hostels Berlin,639,666,260,105,83
City Hotel Berlin East,354,973,846,341,209
B&B Hotel Berlin Alexanderplatz,105,78,23,5,8
centrovital Hotel Berlin,225,238,80,19,14
Meininger Hotel Berlin Hauptbahnhof,402,801,457,171,180
Berlin Marriott Hotel,1579,744,171,47,40
Miniloft,169,45,4,0,2
Hotel Adlon Kempinski Berlin,3459,713,258,98,77
SO/ Berlin Das Stue,1563,263,79,25,20
Adina Apartment Hotel Berlin Checkpoint Charlie,2618,1105,136,19,27
The Mandala Suites,865,305,53,12,16
Hotel am Steinplatz Autograph Collection,1065,138,39,15,8
Flower's Boardinghouse Mitte,156,50,7,2,1
Grand Hyatt Berlin,2972,793,190,70,39
Hotel-Pension Bregenz,281,67,14,2,1
The Circus Hotel,2133,605,101,13,8
Hotel Rotdorn,340,156,16,4,4
Adina Apartment Hotel Berlin Mitte,2289,978,118,34,14
ArtHotel Connection,211,101,15,2,1
Myer's Hotel - Berlin,227,118,22,7,4
NH Collection Berlin Mitte Friedrichstrasse,1528,648,119,29,13
Hotel Brandies,195,117,16,1,4
Adina Apartment Hotel Berlin Hackescher Markt,3332,1144,165,50,36
The Circus Hostel,999,338,56,16,10
AMANO Home,235,88,14,9,3
Grand Hostel Berlin,731,249,41,17,13
Dorint Kurfurstendamm Berlin,2444,841,182,66,47
Hotel Kastanienhof,175,117,17,1,2
Mercure Hotel MOA Berlin,2047,1440,284,77,37
Cat's Pajamas,318,116,24,4,11
Hotel de Rome,1271,322,88,37,13
Waldorf Astoria Berlin,1570,367,149,66,55
The Ritz-Carlton Berlin,2367,588,225,75,54
Mercure Hotel & Residenz Berlin Checkpoint Charlie,2238,1332,168,29,22
Melia Berlin,4275,2145,360,103,57
Hotel Palace Berlin,1821,737,228,63,49
Schlosshotel Berlin by Patrick Hellmann,754,202,68,27,18
Hotel Bristol Berlin,773,790,353,141,88
Vilhelm 7,59,9,0,0,0
Hyperion Hotel Berlin,352,334,99,30,11
AMANO Home,235,88,14,9,3
Comfort Hotel Lichtenberg,57,189,144,47,26
HONIGMOND Boutique Hotel,127,76,10,9,2
Hotel Palace Berlin,1821,737,228,63,49
Hotel Berlin Central District,652,710,213,61,42
Hotel Indigo Berlin - East Side Gallery an IHG hotel,70,15,3,1,2
Living Hotel Weissensee by Derag,229,190,35,8,2
Mercure Hotel Chateau Berlin am Kurfuerstendamm,148,260,153,52,28
New Berlin,149,161,31,13,4
Hotel Bleibtreu Berlin by Golden Tulip,204,206,54,19,8
Myer's Hotel - Berlin,227,118,22,7,4
ALLEGRA Hotel Berlin Mitte,55,126,47,13,7
Novotel Suites Berlin City Potsdamer Platz Hotel,790,1309,388,92,38
Ibis Berlin City Potsdamer Platz,376,702,184,41,16
Generator Berlin Prenzlauer Berg,389,635,421,215,290
Novum Hotel Gates Berlin Charlottenburg,176,408,162,45,45
Hotel Pension Margrit,20,52,24,2,3
Motel One Berlin-Hauptbahnhof,409,455,105,20,13
Hotel Kurfurst,49,83,29,6,6
Abba Berlin Hotel,523,507,95,26,18
the niu Dwarf,2,4,3,1,0
MEININGER Hotel Berlin Airport,240,256,69,16,21
Select Hotel Berlin Spiegelturm,91,156,53,18,19
Pension Funk,67,51,11,3,8
Hotel Hansablick Garni,112,95,14,2,0
Hotel Bett-Und-Buch,13,1,0,1,0
ibis Berlin Spandau Hotel,161,293,106,13,11
Hotel The Yard,31,27,10,4,3
Novum Style Hotel Aldea,243,851,509,146,121
Mercure Hotel & Residenz Berlin Checkpoint Charlie,2238,1332,168,29,22
Orania.Berlin,87,11,5,4,2
City Hotel Berlin East,354,973,846,341,209
Holiday Inn Berlin - City East Side an IHG hotel,285,224,57,12,12
Hotel Oderberger,220,108,36,26,14
Air in Berlin Hotel,62,159,89,23,16
Hotel Boelsche 126,2,0,0,0,0
Safestay Berlin Hotel,85,92,37,11,1
ABION Villa Suites,94,25,7,3,3
DORMERO Hotel Berlin Ku'damm,190,151,54,20,22
Park Plaza Wallstreet Berlin Mitte,906,851,235,57,32
Hotel Prens Berlin,40,77,43,14,19
Zarenhof Prenzlauer Berg,67,122,49,9,4
Elba am Kurfurstendamm,53,97,25,12,8
Relexa Hotel Stuttgarter Hof,205,288,79,13,13
Hotel Berlin Mitte by Campanile,60,145,64,18,18
Quentin Boutique Hotel,71,93,49,27,23
Hotel Domicil Berlin by Golden Tulip,101,141,48,14,4
EastSeven Berlin Hostel,608,167,26,6,9
Novum Hotel City B,155,417,158,50,37
Amc Hotel - Schoneberg,49,49,11,0,1
the niu Hide,24,18,7,3,2
Motel One Berlin-Hackescher Markt,395,414,74,8,5
Mercure Berlin Tempelhof,262,415,165,36,11
Victor's Residenz-Hotel Berlin-Tegel,65,212,107,19,5
Moxy Berlin Ostbahnhof,306,186,61,21,22
Titanic Comfort Mitte,557,956,338,88,47
Art-Hotel Charlottenburger Hof,52,91,39,14,10
Hotel AMO By AMANO,24,17,5,7,6
InterContinental Berlin,1983,829,183,53,62
Berlin Marriott Hotel,1579,744,171,47,40
Nu Wave Hotel Berlin,36,70,10,1,5
Henri Hotel,160,192,34,16,7
ibis Berlin Messe,116,296,183,42,18
Hotel Neuer Fritz Berlin,22,11,10,3,9
Garden Boutique Hotel,78,44,11,6,1
MEININGER Hotel Berlin East Side Gallery,57,79,53,20,13
about:berlin Hotel,32,11,6,3,0
KPM Hotel & Residences,128,15,1,1,0
Capri by Fraser Berlin,278,132,34,11,9
Hilton Berlin,3092,1990,547,214,101
Hotel Spree-idyll,39,11,5,0,0
Holiday Inn Berlin City Center East P-Berg an IHG hotel,13,7,1,0,4
Citadines Kurfuerstendamm Berlin,297,352,97,20,13
SensCity Hotel Berlin Spandau,7,38,28,9,8
Motel One Berlin Spittelmarkt,205,338,41,3,2
Hotel Alt - Tegel,15,13,9,2,1
Hotel Erlanger Hof,25,44,18,4,3
Mercure Hotel Berlin City West,174,299,112,35,9
Motel Home,1,0,0,0,0
Das Schmockwitz,27,29,18,6,9
Hotel Waldschanke,2,0,0,0,0
Select Hotel Berlin Checkpoint Charlie,376,662,237,51,33
Hotel Vier Jahreszeiten Berlin City,47,97,57,16,15
a&o Berlin Friedrichshain,61,135,128,60,79
Pension Sena,1,1,0,0,0
Hotel Atlas Berlin,26,47,14,8,6
Kaiser Hotel,12,46,23,8,4
Sheraton Berlin Grand Hotel Esplanade,1095,910,284,101,56
Meininger Hotel Berlin Hauptbahnhof,402,801,457,171,180
Holiday Inn Berlin Airport - Conf Centre an IHG hotel,160,273,113,39,23
art'otel berlin mitte,601,501,172,42,39
Hotel ibis Berlin City Nord,109,342,196,58,27
AZIMUT Hotel Kurfuerstendamm Berlin,192,468,268,111,77
STAYERY Berlin,2,0,0,0,0
Holiday Inn Berlin - City West an IHG hotel,149,327,249,102,56
H10 Berlin Ku'damm,1370,726,136,45,25
Hotel Aquino Berlin,36,58,13,3,1
Select Hotel Berlin Gendarmenmarkt,263,487,188,56,35
ABACUS Tierpark Hotel,136,264,104,19,10
Concorde Forsthaus,4,6,2,0,0
AZIMUT Hotel City South Berlin,76,141,70,42,29
Motel One Berlin-Bellevue,134,185,42,9,5
Holiday Inn Berlin City East-Landsberger an IHG hotel,69,172,187,66,41
Wilde Aparthotels by Staycity - Checkpoint Charlie,126,21,6,0,0
Goodman's Living,235,112,35,6,8
Hotel 103,84,111,44,15,21
Hotel Lindenufer,38,55,18,5,3
Best Western Plus Plaza Berlin Kurfurstendamm,142,317,149,35,18
Novalis Hotel,27,39,21,5,7
The Ritz-Carlton Berlin,2367,588,225,75,54
Apple City Hotel,32,78,50,11,10
Hotel Sachsenhof,80,135,44,3,4
Hotel Kastanienhof,175,117,17,1,2
Hotel NOVA,31,80,46,12,7
Kolo 77,26,47,32,4,11
Central-Hotel Tegel,7,22,37,15,13
Hotel Pension Spree,10,33,32,15,18
Titanic Gendarmenmarkt Berlin,846,422,132,65,41
Pfefferbett Hostel,178,132,35,6,6
Quentin Design hotel,102,219,122,69,76
Design Hostel P182,41,11,2,2,6
Hotel Carolinenhof,28,34,17,2,4
Hollywood Media Hotel,674,528,104,24,12
Hotel Landhaus Alpinia,80,99,16,7,4
GOLD INN Alfa Hotel,43,77,43,9,5
ADELANTE Boutique Hotel,299,112,11,1,4
Hotel Artim,54,97,76,31,21
Kiez Box,1,0,0,0,0
Ameron Boutique Hotel Villa Abion Berlin,4,2,0,0,1
Best Western Hotel Kantstrasse Berlin,111,201,65,16,19
bel etage BIO- Gastehaus Berlin,0,1,0,0,0
Corner Hostel,20,27,10,6,8
Hotel Ambassador-Berlin Grunau,12,7,4,2,3
Adele Designhotel Berlin,16,33,14,6,7
Enjoy Hostel Berlin City West,1,2,2,0,0
Hotel Columbia,8,21,25,17,7
Hotel-Pension Waizenegger,14,37,9,12,5
LANDMARK eco Hotel,19,15,20,1,13
Raja Jooseppi Resort,43,21,4,1,2
Hostel24 Berlin,1,0,0,0,0
Holiday Apartments Traumberg Flats,5,4,2,2,1
Gaestehaus Berlin Mitte,15,20,15,8,4
Hotel Aster,3,14,14,5,3
IBB Blue Hotel Berlin-Airport,13,19,5,2,1
Hotel-Pension Arche,11,47,24,11,9
Leonardo Royal Hotel Berlin Alexanderplatz,1153,1123,280,58,48
Motel Blue,1,0,2,0,0
H+ Hotel Berlin Mitte,206,387,112,33,24
Die Fabrik,26,67,16,13,18
AMC Apartments,220,182,45,13,7
Melia Berlin,4275,2145,360,103,57
Pension Hostel Staycomfort Am Kurfurstendamm,29,36,18,9,10
Living Hotel Grosser Kurfuerst,508,540,106,32,8
DameritzSeehotel,18,22,17,3,10
HappyGoLucky Hotel & Hostel,65,139,93,26,28
Casa Camper Berlin,974,176,32,8,12
SensCity Hotel Albergo,32,60,40,10,10
easyHotel Berlin Hackescher Markt,515,726,309,80,36
Klassik Hotel,65,129,101,69,78
Hotel Adam,25,81,42,18,13
Metropol Hostel Berlin,25,68,45,18,26
Pension Marie,6,17,16,3,7
Seminar- und Gastehaus Flussbad Gartenstrasse,2,3,2,2,0
Hotel Spreewitz,15,46,45,12,18
Hotel Ambert,2,0,3,0,2
Good Morning Berlin City West,5,12,9,7,6
Am Buschkrugpark,4,2,13,6,5
Hotel-Pension Rheingold,25,28,14,17,23
Pension Zum Lichtenberger,0,4,0,2,0
Pension Oase,4,1,3,3,1
Bearlin City Apartments,5,6,2,3,2
Hotel Buchholz,2,3,1,1,0
Novum Hotel Lichtburg am Kurfuerstendamm,32,142,104,45,27
The Pirate Hostel,3,2,1,1,1
Visage Appart,2,0,0,0,1
Hapimag Resort Berlin Gendarmenmarkt,47,16,0,2,0
Grand Hyatt Berlin,2972,793,190,70,39
Hotel BIG MAMA Berlin,105,111,29,3,7
Schulz Hotel Berlin Wall,214,142,42,12,10
Pullman Berlin Schweizerhof,2729,1217,223,49,33
Hotel ZOE by AMANO,705,461,113,23,23
Crowne Plaza Berlin - Potsdamer Platz an IHG hotel,675,524,114,30,25
Hampton by Hilton Berlin City East Side Gallery,178,108,13,8,7
Pestana Berlin Tiergarten,852,578,125,40,29
Mercure Hotel Berlin Wittenbergplatz,497,245,42,21,10
B&B Hotel Berlin-Tiergarten,128,75,26,8,4
Hampton by Hilton Berlin City West,1817,1247,223,42,19
Hotel Art Nouveau,152,72,14,3,8
Motel One Berlin-Alexanderplatz,170,102,23,10,5
Lindner Hotel Am Ku'damm,535,450,113,20,7
B&B Hotel Berlin-Potsdamer Platz,141,133,30,4,5
Scandic Berlin Kurfurstendamm,823,592,169,52,33
Novotel Berlin Am Tiergarten,1161,976,170,35,16
Hotel Ibis Berlin Hauptbahnhof,452,400,63,17,10
Living Hotel Weissensee by Derag,229,190,35,8,2
Vienna House Easy Berlin,155,86,19,6,8
Grimm's am Potsdamer Platz,206,107,19,6,4
ibis Berlin Kurfuerstendamm Hotel,628,646,103,15,7
Motel One Berlin-Potsdamer Platz,231,189,34,6,1
Max Brown Hotel Ku'damm,262,146,39,13,14
Holiday Inn Express Berlin - Alexanderplatz an IHG hotel,254,204,48,10,10
Select Hotel Berlin The Wall,668,514,72,18,18
Hotel Indigo Berlin - Ku'damm an IHG hotel,273,260,54,13,7
Park Plaza Wallstreet Berlin Mitte,906,851,235,57,32
Sir Savigny Hotel,534,313,109,42,28
Hotel Hansablick Garni,112,95,14,2,0
Motel One Berlin-Hackescher Markt,395,414,74,8,5
Scandic Berlin Potsdamer Platz,2475,1556,377,126,79
Hampton by Hilton Berlin City Centre Alexanderplatz,715,511,150,49,25
nhow Berlin,2584,1070,346,109,93
Vilhelm 7,59,9,0,0,0
NH Collection Berlin Mitte am Checkpoint Charlie,1427,1272,375,125,80
Victor's Residenz Hotel Berlin,231,247,71,16,13
ARCOTEL John F Berlin,804,730,141,34,25
Motel One Berlin Mitte,168,236,51,15,11
Hyperion Hotel Berlin,352,334,99,30,11
Hotel Tiergarten,132,162,41,9,5
Michelberger Hotel,677,318,96,44,47
B&B Hotel Berlin Alexanderplatz,105,78,23,5,8
Hotel AMANO Grand Central,1118,898,305,77,50
H4 Hotel Berlin Alexanderplatz,803,1066,321,76,47
HONIGMOND Boutique Hotel,127,76,10,9,2
Hotel Indigo Berlin - East Side Gallery an IHG hotel,70,15,3,1,2
NH Berlin City Ost,180,262,92,18,5
St. Christopher's Inn Berlin,447,369,114,29,28
Courtyard by Marriott Berlin City Center,575,730,198,27,13
Hotel Bleibtreu Berlin by Golden Tulip,204,206,54,19,8
Pentahotel Berlin-Koepenick,1073,1033,284,46,27
Hotel BIG MAMA Berlin,105,111,29,3,7
Heart of Gold Hostel,387,340,116,37,29
NH Berlin Kurfurstendamm,624,636,159,43,28
Sunflower Hostel,341,262,86,21,30
Motel One Berlin-Hauptbahnhof,409,455,105,20,13
Motel One Berlin-Ku'damm,175,232,42,14,7
Citylight Hotel,137,166,42,12,7
Hotel Steglitz International,143,184,44,11,3
Moxy Berlin Ostbahnhof,306,186,61,21,22
Ibis Budget Berlin Kurfurstendamm,449,522,118,24,15
Titanic Chaussee Berlin,700,413,137,52,61
IntercityHotel Berlin Hauptbahnhof,798,988,269,68,40
Seminaris CampusHotel Berlin,264,319,94,27,11
Provocateur Berlin,143,53,27,6,17
Mercure Hotel Berlin City,609,884,226,38,29
ONE80 Hostels Berlin,639,666,260,105,83
Ibis Berlin Mitte,529,1062,286,55,29
Hotel Berlin Central District,652,710,213,61,42
Orania.Berlin,87,11,5,4,2
ARCOTEL Velvet,343,362,106,37,13
Industriepalast,162,150,33,14,16
Hotel AMANO,996,894,251,89,59
ibis budget Berlin City Potsdamer Platz,524,970,342,74,35
Novotel Suites Berlin City Potsdamer Platz Hotel,790,1309,388,92,38
Ibis Berlin City Potsdamer Platz,376,702,184,41,16
Steigenberger Hotel Berlin,2668,2507,789,240,102
ABION Villa Suites,94,25,7,3,3
DORMERO Hotel Berlin Ku'damm,190,151,54,20,22
NH Berlin Alexanderplatz,136,111,44,15,19
Ibis Berlin City West,187,370,125,23,8
Relexa Hotel Stuttgarter Hof,205,288,79,13,13
Ibis Budget Berlin Alexanderplatz,523,955,371,75,37
MEININGER Hotel Berlin Airport,240,256,69,16,21
Hotel Domicil Berlin by Golden Tulip,101,141,48,14,4
aletto Hotel Kudamm,366,445,107,24,47
Mercure Berlin Tempelhof,262,415,165,36,11
MEININGER Hotel Berlin Mitte Humboldthaus,335,454,154,58,32
IntercityHotel Berlin Ostbahnhof,243,360,111,21,6
Moxy Berlin Humboldthain Park,92,52,24,8,4
Three Little Pigs Hostel,290,313,103,30,25
MEININGER Hotel Berlin Tiergarten,66,84,23,6,13
Park Inn by Radisson Berlin Alexanderplatz,2712,4553,2446,880,534
Hotel Villa Kastania,65,59,21,8,3
Mercure Hotel Chateau Berlin am Kurfuerstendamm,148,260,153,52,28
Hotel Transit Loft,77,167,61,20,12
MEININGER Hotel Berlin Alexanderplatz,125,223,110,34,39
Motel Plus Berlin,70,116,53,14,13
ALLEGRA Hotel Berlin Mitte,55,126,47,13,7
ibis Berlin Messe,116,296,183,42,18
Novum Hotel Gates Berlin Charlottenburg,176,408,162,45,45
about:berlin Hotel,32,11,6,3,0
Premier Inn Berlin City Centre hotel,20,10,4,1,0
Grand Hostel Berlin Urban,113,331,123,29,17
Zarenhof Prenzlauer Berg,67,122,49,9,4
Elba am Kurfurstendamm,53,97,25,12,8
Hotel Berlin Mitte by Campanile,60,145,64,18,18
Select Hotel Berlin Spiegelturm,91,156,53,18,19
AMBER ECONTEL HOTEL Berlin-Charlottenburg,94,262,171,41,21
Hotel Spree-idyll,39,11,5,0,0
Pension Funk,67,51,11,3,8
Zarenhof Berlin Mitte,47,82,45,7,3
Hotel Am Schloss Koepenick Berlin by Golden Tulip,46,132,84,21,12
St Christopher's Inn Berlin Mitte,53,15,2,4,6
Flottwell Berlin Hotel & Residenz am Park,60,28,3,3,1
Novum Hotel City B,155,417,158,50,37
Amc Hotel - Schoneberg,49,49,11,0,1
Victor's Residenz-Hotel Berlin-Tegel,65,212,107,19,5
Axel Hotel Berlin,773,665,371,169,124
The Student Hotel Berlin,43,16,3,3,2
HOLI-Berlin Hostel & Hotel,60,42,7,3,2
Hotel AMO By AMANO,24,17,5,7,6
Novum Style Hotel Aldea,243,851,509,146,121
Comfort Hotel Lichtenberg,57,189,144,47,26
Hotel Berliner Baer,16,27,20,6,0
B&B Hotel Berlin-Charlottenburg,11,19,4,2,1
aletto Hotel Potsdamer Platz,10,5,1,0,1
Hotel Vita Berlin,10,3,0,0,0
Mark Apart Hotel,189,424,368,168,107
H24 Berlin Lichtenberg,24,8,2,0,1
Hotel Abendstern,30,108,78,17,16
Hotel Pension Margrit,20,52,24,2,3
Hotel Prens Berlin,40,77,43,14,19
Hotel Franke,41,143,87,27,24
Quentin Boutique Hotel,71,93,49,27,23
Hotel City Green Berlin,17,7,2,2,1
Atrium Charlottenburg Hotel,39,101,69,34,16
Good Morning + Berlin City East,15,21,17,7,3
Hotel Les Nations,38,50,20,0,5
Hotel Delta,47,130,122,39,22
Ocak Apartment & Hotel,19,23,14,3,5
the niu Hide,24,18,7,3,2
Hotel Erlanger Hof,25,44,18,4,3
Hotel Birgit Berlin Mitte,28,67,29,12,6
Schlosspark Hotel,16,28,6,3,1
Hotel St.-Michaels-Heim,12,29,7,1,2
Hotel Bett-Und-Buch,13,1,0,1,0
Hotel Vier Jahreszeiten Berlin City,47,97,57,16,15
Park Hotel Berlin Neukolln,52,156,123,31,24
Hotel Atlas Berlin,26,47,14,8,6
Hotel Mueggelsee Berlin,119,363,320,96,60
Courtyard by Marriott Berlin City Center,575,730,198,27,13
numa l Kater Apartments,4,0,0,0,0
numa l Belfort Rooms & Apartments,7,1,0,0,0
City Hotel Berlin East,354,973,846,341,209
Hotel Boelsche 126,2,0,0,0,0
STAYERY Berlin,2,0,0,0,0
AC Hotel by Marriott Berlin Humboldthain Park,17,19,7,4,0
Hotel Neuer Fritz Berlin,22,11,10,3,9
Classik Hotel Alexander Plaza Berlin,12,0,1,0,0
the niu Dwarf,2,4,3,1,0
Hotel AMANO East Side,0,4,1,0,0
Concorde Forsthaus,4,6,2,0,0
Holiday Inn Berlin City Center East P-Berg an IHG hotel,13,7,1,0,4
Holiday Inn Berlin City East-Landsberger an IHG hotel,69,172,187,66,41
Hotel Kryom's 108,2,1,1,0,1
SensCity Hotel Berlin Spandau,7,38,28,9,8
Hotel Christophorus,6,20,14,3,0
Motel Home,1,0,0,0,0
Das Schmockwitz,27,29,18,6,9
Hotel Waldschanke,2,0,0,0,0
Waldhotel am See Berlin-Schmockwitz,8,10,4,6,1
Nena Apartments Hermannplatz,1,0,0,0,0
Kudamm Luxury Apartments,1,0,0,0,0
a&o Berlin Friedrichshain,61,135,128,60,79
Haus Bismarck,3,4,1,0,0
Hotel Havel Lodge,10,14,20,9,6
a&o Berlin Kolumbus,73,117,115,48,69
Pension Sena,1,1,0,0,0
Kaiser Hotel,12,46,23,8,4
Europa City Hotel,33,109,105,32,26
Hotel Bornholmer Hof,6,18,14,5,4
Hotel-Pension Bernstein,3,32,15,5,6
numa l Belfort Rooms & Apartments,7,1,0,0,0
The Circus Apartments,299,22,1,0,0
Brilliant Apartments,381,73,4,0,0
Linnen,232,42,4,1,1
Louisa's Place,620,150,24,8,11
EastSeven Berlin Hostel,608,167,26,6,9
numa l Kater Apartments,4,0,0,0,0
ApartHotel Residenz Am Deutschen Theater,257,97,12,0,2
Flower's Boardinghouse Mitte,156,50,7,2,1
Hotel-Pension Bregenz,281,67,14,2,1
Cat's Pajamas,318,116,24,4,11
H'Otello K'80,203,135,27,4,2
Goodman's Living,235,112,35,6,8
Sofitel Berlin Gendarmenmarkt,948,482,153,35,14
Soho House Berlin,452,135,48,19,32
Hecker's Hotel Berlin,217,181,42,9,2
Pension Peters,177,140,23,10,4
Grimm’s Hotel,157,154,25,2,4
Stars Guesthouse Berlin,148,60,8,8,2
fjord hotel berlin,271,279,57,17,9
Motel One Berlin-Upper West,183,153,36,9,9
Henri Hotel,160,192,34,16,7
Heart of Gold Hostel,387,340,116,37,29
Hotel 38,153,215,42,8,10
Savoy Hotel Berlin,656,575,195,60,24
Hotel Sarotti-Hoefe,96,96,29,3,3
Old Town Apartments - Metzer Strasse,103,28,5,0,1
Hotel Pension Columbus,87,51,9,1,0
Hotel Berlin Ostbahnhof,243,357,126,23,14
Best Western Hotel City Ost,325,620,195,42,17
Augustinenhof Hotel,93,110,46,10,4
Wallyard Concept Hostel,137,51,25,8,9
numa l Kater Apartments,4,0,0,0,0
numa l Belfort Rooms & Apartments,7,1,0,0,0
PREMIUM Hostel,1,2,3,1,11
numa l Kater Apartments,4,0,0,0,0
Hotel Q!,1064,381,88,17,16
i31 Hotel,1915,623,76,20,13
ADELANTE Boutique Hotel,299,112,11,1,4
ApartHotel Residenz Am Deutschen Theater,257,97,12,0,2
H'Otello K'80,203,135,27,4,2
Sofitel Berlin Gendarmenmarkt,948,482,153,35,14
Hotel Hansablick Garni,112,95,14,2,0
Soho House Berlin,452,135,48,19,32
Hecker's Hotel Berlin,217,181,42,9,2
Motel One Berlin-Hackescher Markt,395,414,74,8,5
Pestana Berlin Tiergarten,852,578,125,40,29
Hotel Gat Point Charlie,1002,1048,195,54,23
SANA Berlin Hotel,799,641,197,57,30
Hotel 38,153,215,42,8,10
Savoy Hotel Berlin,656,575,195,60,24
Hotel Indigo Berlin - Centre Alexanderplatz an IHG hotel,1027,814,201,43,18
Hotel Tiergarten,132,162,41,9,5
Motel One Berlin Mitte,168,236,51,15,11
Holiday Inn Berlin - Centre Alexanderplatz an IHG hotel,675,774,212,51,23
Motel One Berlin-Bellevue,134,185,42,9,5
Hotel Mondial,110,135,26,5,6
Hotel Sarotti-Hoefe,96,96,29,3,3
Hotel Sylter Hof Berlin,349,560,138,34,18
Relexa Hotel Stuttgarter Hof,205,288,79,13,13
Hotel Pension Columbus,87,51,9,1,0
Steigenberger Hotel Berlin,2668,2507,789,240,102
Hotel Berlin Ostbahnhof,243,357,126,23,14
Hotel Sachsenhof,80,135,44,3,4
Best Western Hotel City Ost,325,620,195,42,17
numa l Kater Apartments,4,0,0,0,0
Augustinenhof Hotel,93,110,46,10,4
Hotel Angleterre,514,838,297,67,43
Hotel Transit Loft,77,167,61,20,12
Ibis Styles Berlin Alexanderplatz,339,687,302,61,34
Classik Hotel Hackescher Markt,84,86,42,15,8
Pension Funk,67,51,11,3,8
Centro Hotel Berlin City West,84,189,61,13,19
Amc Hotel - Schoneberg,49,49,11,0,1
Hotel Aquino Berlin,36,58,13,3,1
Boutique Hotel Kerlin,41,28,1,0,0
Zarenhof Berlin Mitte,47,82,45,7,3
Quentin Berlin Hotel,99,186,117,40,35
Berlin Plaza Hotel,97,244,127,31,18
Hotel Transit,44,93,46,9,2
Park Hotel Moabit,35,68,31,6,0
Exe Hotel Klee Berlin,62,87,29,13,11
Rewari Hotel Berlin,34,88,43,10,7
Nu Wave Hotel Berlin,36,70,10,1,5
Hotel Gunia,60,32,4,3,4
Kima Hotel,65,113,73,10,12
Businesshotel Berlin,29,47,14,4,1
Alex Hotel,40,89,17,7,6
HighPark by Palmira,26,11,1,1,2
Hotel Les Nations,38,50,20,0,5
GOLD INN Alfa Hotel,43,77,43,9,5
Aparthotel Vega,41,71,24,10,6
Hotel Graf Pueckler,15,52,21,7,0
Hotel Alt Tempelhof,23,58,31,6,3
Hotel Schoeneberg,16,51,10,3,2
Hotel Villa Konstanz,26,37,15,5,2
numa l Kater Apartments,4,0,0,0,0
Propeller Island City Lodge,46,40,16,9,10
TopDomizil Apartments Panorama Friedrichstrasse,21,19,10,2,1
Hotel Villa Konstanz,26,37,15,5,2
Pension Bella,18,35,14,4,0
Gold Hotel,18,29,9,3,1
Hotel Comenius,32,60,22,8,5
Hotel de France,20,45,20,3,4
Juncker's Hotel Garni,34,56,20,4,5
Hotel Delta,47,130,122,39,22
Metropolitan Hotel Berlin,60,201,116,44,35
Rheinsberg am SeeHotel,23,42,9,1,6
Hotel NOVA,31,80,46,12,7
Smart Stay Hotel Berlin City,47,61,43,13,12
Hotel-Pension Victoria,17,47,27,2,4
Hotel Sedes,13,17,9,0,0
Hotel Mitte Berlin,21,39,23,4,3
Ocak Apartment & Hotel,19,23,14,3,5
Quentin Design hotel,102,219,122,69,76
Hotel Pension Fasanenhaus,26,45,12,6,4
Garni-Hotel An der Weide,13,15,2,1,0
City Gallery Berlin Hotel,23,38,17,4,5
Hotel Residenz Begaswinkel,14,49,19,8,7
Berolina Hotel An Der Gedaechtniskirche,21,70,50,15,6
Atrium Charlottenburg Hotel,39,101,69,34,16
art'appart - berlin suiten,22,16,3,4,3
Hotel Riehmers Hofgarten,20,30,17,6,2
City Pension Berlin,29,34,17,5,8
Mikon Eastgate Hotel,42,107,82,31,25
Classic Apartment,18,14,8,2,0
Hotel Siegfriedshof,7,16,4,1,0
numa l Kater Apartments,4,0,0,0,0
Hotel Lohwasser Berlin,14,7,0,0,0
Die Zwolf Apostel,13,7,2,1,1
Hotel Greifswald,21,22,6,2,0
Winterfeldt Berlin Apartments,12,7,8,0,0
Pension Schultze,5,10,1,1,0
TopDomizil - Apartments 'Platz vor dem Neuen Tor',12,4,1,1,0
Tom's Hotel,48,45,26,13,22
Pension Majesty Berlin Hotel,9,23,8,3,0
Hotel Lindenstrasse,15,3,1,0,0
Hotel Alt - Tegel,15,13,9,2,1
Kaiser Hotel,12,46,23,8,4
Astrid Hotel am Kurfurstendamm,16,48,34,10,10
Hotel Carat,9,29,12,0,1
MIDI Inn Parkhotel Mitte,14,14,6,4,1
Azur,9,15,3,0,1
Cityhotel Am Gendarmenmarkt,17,55,28,8,13
Herbst Hotel,6,15,5,1,0
Hotel Christophorus,6,20,14,3,0
Hotel-Pension Waizenegger,14,37,9,12,5
DameritzSeehotel,18,22,17,3,10
Alecsa Hotel am Olympiastadion,22,66,61,19,13
Hotel Adam,25,81,42,18,13
Hotel Castell,28,56,46,14,14
Ferdinand Apart Hotel Berlin,5,9,5,1,0
Hotel Britzer Tor,7,18,11,1,1
Hotel-Pension Savoy,18,34,20,7,8
Hotel Tagungshaus Tiergarten,9,12,9,1,0
Schlafmeile Hostel,37,47,28,15,20
Hotel Ravenna Berlin Steglitz,30,74,73,25,18
LebensQuelle Hotel,37,160,146,47,50
numa l Kater Apartments,4,0,0,0,0
Hotel Neuer Fritz,40,62,47,24,19
TopDomizil - Apartments 'Platz vor dem Neuen Tor',12,4,1,1,0
Hotel Berlin Hauptbahnhof,4,10,0,0,1
East Side Hotel,26,47,43,15,19
Pension Dalg,6,7,2,1,1
Hotel Petit,8,6,4,1,2
Pension Knesebeck,4,1,1,0,0
Hotel Lichtenrade,4,2,1,0,0
LebensQuelle Hotel,37,160,146,47,50
Hotel Arena Inn,12,32,41,7,9
Steps Hotel Wedding,19,35,16,6,9
Dorint Berlin Airport Tegel,18,76,77,24,12
Hotel Neuer Fritz,40,62,47,24,19
Come 2 Friends Apartmenthaus,7,13,13,2,1
Adele Designhotel Berlin,16,33,14,6,7
Hotel Die Schule,7,12,1,3,1
Hotel Carmer 16,21,30,16,3,9
Apart-West,13,7,2,1,3
Hotel Atlantic,17,18,13,3,10
Hotel Aviv Berlin,8,5,3,2,0
Armony Hotel & Business Center,6,11,4,0,1
Hotel Ambassador-Berlin Grunau,12,7,4,2,3
Apartments am Checkpoint Charlie,7,5,1,0,1
Hotel Maison- Apartments am Kolk,3,9,6,0,0
Hotel Pension Lydia,5,2,0,0,0
Hotel Spreewitz,15,46,45,12,18
Hotel Ambiente Berlin City,46,89,50,17,39
Bel Air,3,4,1,0,0
TopDomizil Apartments Checkpoint Plaza,14,19,12,7,6
Hotel Vivaldi Berlin,24,42,14,7,15
Georghof Hotel Berlin,14,50,50,14,21
numa l Kater Apartments,4,0,0,0,0
Hotel-Pension Uhland am Kurfuerstendamm,3,23,20,1,5
Allee-Hotel Berlin,3,1,0,0,0
Pension Alte City,1,7,5,0,1
Ferienhotel Haus Schildhorn,2,2,1,0,0
Alexander Suite,2,1,0,0,0
Madison,3,0,0,0,0
Dormotel Hoppegarten Berlin,0,4,1,0,0
Apartment Steglitz-Zehlendorf,1,0,0,0,0
Hackbarth Hotel,1,1,3,0,0
Villa-Seepark,1,0,0,0,0
Wannsee Yacht,1,0,0,0,0
Hotel Am Wilden Eber,6,9,3,0,1
Hotel Boelsche 126,2,0,0,0,0
Hotel Plovdiv,2,8,6,0,2
Swissotel Berlin Am Kurfuerstendamm,3,1,0,0,1
Apartments Residenz Prenzelberg,5,6,2,1,1
Pension Bigus,2,3,5,1,0
Grunewald Motel und Rasthof,2,11,7,2,3
Uferpalais,2,3,1,1,0
Hotel-Pension Rheingold,25,28,14,17,23
Atel Atlanta Am Kurfurstendamm,9,14,19,3,6
Hotel Buchholz,2,3,1,1,0
Aga's Hotel,42,56,53,23,37
Ariadna Apart Hotel,5,0,1,0,2
Hotel Aster,3,14,14,5,3
Hotel Sternchen,1,3,1,0,0
Hotel Alte Feuerwache,9,28,25,10,6
Hotel Kryom's 108,2,1,1,0,1
Hotel Bongard,6,19,19,6,8
Comfort Hotel Alter Markt,1,6,8,0,1
numa l Kater Apartments,4,0,0,0,0
Hotel Remter,0,3,1,1,0
Apart Hotel Stein,0,2,2,0,0
Aparthotel Berlin Schonefeld,2,1,0,1,1
Apartments in Wilmersdorf/ Schoneberg,1,0,0,0,0
Hotel K,1,1,0,0,0
City Quartier,3,2,4,1,2
Arcus Hotel,0,1,1,0,0
Landgasthof Diedersdorf Hotel Berlin,1,0,1,0,0
Hotel Haus Franken,1,0,0,0,0
Pension Schenk,1,1,0,2,0
Ruhepool Berlin,1,0,0,0,0
Kurfur Terrace,0,1,0,0,0
Kongress Hotel Berlin-Rahnsdorf,0,0,1,0,0
Hotel Aragon,0,0,2,0,0
hotelhellemitte im Atrium,0,0,1,0,0
Hotel Garni Wilhelmsruher Damm,1,0,0,0,0
Hotel Abell,0,11,6,3,3
Am Buschkrugpark,4,2,13,6,5
Apartment Hotel Dahlem,5,10,10,2,7
Schall und Rauch Stadthotel,12,22,17,15,12
CityArt Hotel,3,5,1,3,6
Avantgarde Hotel,1,2,1,0,0
Hotel Kurfuerstendamm am Adenauerplatz,3,4,3,1,1
Hotel Ristorante Il Mulino,1,2,5,1,3
Hotel und Restaurant Alt-Karow,1,3,5,1,2
Hotel am Schlachtensee,1,0,0,1,0
Hotel Pension Delta,8,13,10,8,5
Hotel Siemensstadt,3,3,8,2,3
Hotel Garni an der Gropiusstadt,0,0,2,0,0
Pension Wedding,0,2,5,1,1
numa l Kater Apartments,4,0,0,0,0
HSH Hotel Apartments Wilmersdorf,1,4,0,1,2
Hotel Charlot,0,0,0,1,0
Green Eggs and Ham,0,0,2,1,0
Berlin Heart Apartments,0,0,0,1,0
Herberge Grosse,1,0,0,1,2
Hotel Pension Berliner Zimmer,0,1,0,0,1
Act of Balance Boardinghouse,1,0,0,0,2
Hostel X Berger,13,10,14,15,13
Hotel Mardin,3,6,3,3,6
Hotel Columbia,8,21,25,17,7
Hotel Villa Toscana,2,5,5,1,2
Hotel Pension Spree,10,33,32,15,18
Arktur City Hotel,11,29,38,21,18
Pension Messe,10,28,24,8,23
Orion Hotel,10,28,17,14,16
Hotel Pension Haubach Central,5,16,28,5,15
Hotel Pension Arta,7,11,9,5,9
Hotel M68,10,24,27,13,20
Hotel Amelie Berlin,11,47,45,26,23
Midi Inn City West off Kurfurstendamm,0,5,1,0,3
Hotel Albertin,4,8,5,6,6
Am Olivaer Platz,3,19,20,9,10
Hotel an den Birken,0,0,0,0,1
Hotel Majestic,9,49,44,19,41
Arta Lenz Hotel,7,33,33,12,23
City Hotel Ansbach,14,30,44,28,23
Hotel Pension Insel Ruegen,2,21,16,8,16
Hotel Berlin Markischer Hof am Tacheles,15,42,44,16,34
Apartcity-Serviced Apartments Hotel,1,7,6,5,4
Hotel Gotland,0,8,4,2,5
numa l Kater Apartments,4,0,0,0,0
Nollendorfplatz City-Apartments,1,4,3,1,6
Flughafen Hotel Schonefeld,0,2,3,0,2
Crowne Plaza Berlin - City Ctr Nurnberger,0,0,0,1,2
Hotel Gotland,0,8,4,2,5
Hotel Pension Rehberge,9,22,17,9,28
Hotel Bellevue Berlin,21,44,47,36,50
Hotel Eden am Zoo,13,31,34,19,27
BB Hotel,6,11,13,17,15
Altstadt Spandau,2,4,6,8,5
Hotel Austriana,2,11,17,2,12
Villa Amadeus Hotel,0,7,6,1,6
Pension Stuttgarter Eck,9,21,36,17,26
Olivaer Apart Hotel am Kurfurstendamm,23,88,107,75,58
Amelie Messe ICC,2,8,7,2,9
Comet Hotel,12,50,57,27,46
Hotel Amano Berlin,0,0,0,0,1
Pension Zimmer des Westens,0,4,0,4,6
Sickinger Hof,3,11,15,8,21
Birth City Hotel,1,1,1,3,7
Hotel Messe am Funkturm,3,14,27,15,22
City Hotel Gotland,5,20,14,12,21
Hotel Wittelsbach am Kurfurstendamm,12,29,38,29,43
Hotel De Ela,14,11,14,17,25
Hotel-Pension Adamshof,1,11,12,9,19
Hotel Arrival,6,31,49,34,44
Eckstein Hotel,1,4,9,11,7
Panorama Am Adenauerplatz Hotel,8,48,86,48,80
Hotel Cityblick Pension,6,27,34,23,42
Hotel Pension Dahlem,1,4,0,4,10
Alper Hotel am Potsdamer Platz,5,30,45,37,86
numa l Kater Apartments,4,0,0,0,0
Amadeus am Kurfuerstendamm,10,14,29,15,60
Potsdamer Inn,4,21,39,36,73
Queen's Park & Queen's Garden Hotels,2,18,30,18,65
Hotel-Pension Aurora,1,2,6,3,28
numa l Kater Apartments,4,0,0,0,0
Pension Galerie,241,53,8,0,0
Miniloft,169,45,4,0,2
Mittendrin - Boutique Hotel Berlin,336,18,0,1,0
Palacina Berlin,217,22,3,0,0
Brilliant Apartments,381,73,4,0,0
Linnen,232,42,4,1,1
Hommage a Magritte,383,64,9,3,1
EastSeven Berlin Hostel,608,167,26,6,9
Hotel Rotdorn,340,156,16,4,4
Cat's Pajamas,318,116,24,4,11
Pension Peters,177,140,23,10,4
AMC Apartments,220,182,45,13,7
Stars Guesthouse Berlin,148,60,8,8,2
Plus Berlin,1360,893,244,79,61
Apartments am Brandenburger Tor,317,378,113,26,26
Old Town Apartments - Metzer Strasse,103,28,5,0,1
Amstel House Hostel,147,174,55,20,20
Huttenpalast,91,27,6,1,1
HSH Hotel Apartments Mitte,96,90,17,9,3
numa l Kater Apartments,4,0,0,0,0
Jetpak Alternative Hostel,69,28,6,2,2
Eastener Hostel,50,41,21,4,2
BerlinLofts,51,5,1,0,1
Homage Design Apartments,38,14,3,0,1
Hotel-Pension Classic,69,90,21,4,2
Wallyard Concept Hostel,137,51,25,8,9
Happy Bed Hostel,108,138,66,20,15
Generator Berlin Mitte,1000,707,256,120,114
Alcatraz Backpacker Hostel,89,69,21,3,6
Smartments Business Berlin Prenzl. Berg,63,21,3,0,2
Flottwell Berlin Hotel & Residenz am Park,60,28,3,3,1
smartloft,73,53,10,3,4
Downtown Apartments Berlin,36,7,3,0,0
Keiz Pension,47,60,13,1,3
Hotel Pension Fischer,56,34,7,2,4
Old Town Apartments Schoenhauser Allee,68,50,14,7,8
Acama Schoneberg Hotel+Hostel,71,72,24,14,5
Hotel 103,84,111,44,15,21
Hapimag Resort Berlin Zoo,32,15,1,0,1
Minimal,38,1,0,1,0
Berlin Habitat,49,25,0,0,1
Pangea People Hostel,71,125,58,27,11
Landhaus Schlachtensee,32,16,1,0,0
Smarthostel Berlin,43,67,12,4,6
Jugendgaestehaus Hauptbahnhof,55,55,31,9,11
Karlito Apartmenthaus,44,25,12,2,1
Citystay Mitte,110,199,96,32,43
Raja Jooseppi Resort,43,21,4,1,2
U Inn Berlin Hostel,56,39,7,5,4
Quentin Boutique Hotel,71,93,49,27,23
numa l Kater Apartments,4,0,0,0,0
Globetrotter Hostel Odyssee,69,47,23,6,12
Comebackpackers,49,35,12,7,6
Hotel-Pension Enzian,13,0,0,0,0
Bananas Berlin Gay Guesthouse,36,9,2,0,3
Winterfeldt 10 Apartments,31,13,2,1,0
Hotel Haus Leopold,13,7,1,0,0
Hostel Aloha,41,15,4,4,6
Pension Bismarck,19,2,1,0,0
Berliner Bed & Breakfast,24,11,5,0,1
Landhaus Perle,15,8,4,0,1
B! Apartments,40,31,8,1,3
Pension Brinn,30,20,1,1,2
Apartmenthouse Berlin,43,49,6,6,6
City Room Berlin,33,6,1,1,1
Jugendherberge Berlin Ostkreuz,18,9,5,0,1
Palais Winterfeldt,35,48,10,5,6
All In Hostel,118,263,151,65,76
Kiez Hostel Berlin,33,8,6,1,2
baxpax Mitte Hostel,42,73,44,13,14
Riverside Lodge Berlin,37,9,2,1,3
Apartments Mitte-Inn Berlin,18,9,0,1,0
Pension Madchenkammer,30,33,5,2,5
Hotel Atlas Berlin,26,47,14,8,6
art'appart Kempinski Plaza,23,11,3,1,2
City Holiday Apartments Berlin,20,8,0,0,0
Brauhaus Spandau,14,9,1,1,2
Jugendherberge Berlin-International,22,53,22,12,6
2A Hostel,44,67,25,7,23
Sixmiles Guesthouse,18,10,0,1,2
Berlin Apartments Mitte,14,5,0,1,0
numa l Kater Apartments,4,0,0,0,0
Sandino Hostel,23,3,1,1,3
Hostel Die Etage East,17,6,2,0,1
Q Damm Apartments,19,37,17,9,4
Hotel-Pension am Schloss Bellevue,9,19,5,4,0
Vannis Haus,10,3,0,0,0
OTA Berlin,6,6,0,1,0
Camping Platz Berlin-Gatow,5,9,2,1,0
Appartement Hackescher Markt,22,3,3,0,1
Hotel Pension Senta,25,18,7,0,3
Guesthouse 21,26,11,5,2,2
Hostel’O Berlin - Mitte,19,21,8,3,5
Seminarhaus S1516,7,9,1,0,0
Hostel City Bed 2,20,16,4,2,2
Hotel Pension Ingeborg,17,18,14,4,2
Freiraum Hostel,10,13,6,1,0
baxpax Kreuzberg Hostel Berlin,45,58,33,14,21
Pension Nuernberger Eck,12,12,4,0,1
KG Apartment Berlin,13,16,3,1,0
Gay Hostel,28,22,9,3,6
Kult Residenz,10,2,0,0,0
Luxoise,10,11,1,1,1
Hotel Garni Kleist am Kurfurstendamm,18,41,27,0,16
Pegasus Hostel,62,94,69,35,50
BlnCty Hotel,16,20,5,1,8
K26 Apartments,8,5,1,0,0
Inn-Berlin,54,14,13,6,8
Down Town Motel,10,6,0,0,1
Die Fabrik,26,67,16,13,18
Ima Loft Apartment,21,31,8,8,5
Hotel Garni Pension Prenzlberg,4,13,6,0,0
numa l Kater Apartments,4,0,0,0,0
Muggelseepension,6,6,2,0,0
Nest Apartments,18,6,0,0,0
Berlins City Hostel,18,19,10,5,5
Helter Skelter Hostel Berlin,22,21,15,6,5
Ev. Diakonieverein Van Delden House,6,3,2,0,0
Rock'n'Roll Herberge,11,4,2,1,2
Hotel & City Camping Berlin,15,26,22,5,7
St. Oberholz Apartments,11,7,1,0,0
Hotel Larat,14,29,23,1,8
ABM Berlin,8,3,2,0,0
Pension Am Park,9,14,3,0,1
Hotel Alte Galerie,10,25,8,1,4
SMARTments Business Berlin Karlshorst,4,4,2,0,0
Hotel-Pension Arche,11,47,24,11,9
City Stop Berlin,32,40,11,8,17
Pension Hostel Staycomfort Am Kurfurstendamm,29,36,18,9,10
Check In Hotel,9,11,5,5,2
Gaestehaus Berlin Mitte,15,20,15,8,4
City Guesthouse Pension Berlin,9,21,9,4,4
Hotel Garni Pension Prenzlberg,4,13,6,0,0
Ambiente Apart,11,2,0,0,0
AMC Apartments - Bundesallee,5,10,5,1,0
Main Station Hostel,25,25,12,0,11
JETpak Hostel,11,2,1,0,0
BackpackerBerlin,15,39,13,4,10
Jugendgaestehaus Lichterfelde,3,10,2,0,0
Freiraum,13,11,4,1,1
Gastehaus Pauline,6,3,3,0,0
Alexanderplatz Apartments,25,16,5,3,10
Jugendhotel berlincity,9,14,8,6,2
numa l Kater Apartments,4,0,0,0,0
Camping Platz Berlin-Gatow,5,9,2,1,0
Muggelseepension,6,6,2,0,0
Nest Apartments,18,6,0,0,0
Berlins City Hostel,18,19,10,5,5
Helter Skelter Hostel Berlin,22,21,15,6,5
Ev. Diakonieverein Van Delden House,6,3,2,0,0
Rock'n'Roll Herberge,11,4,2,1,2
Hotel & City Camping Berlin,15,26,22,5,7
St. Oberholz Apartments,11,7,1,0,0
Hotel Larat,14,29,23,1,8
ABM Berlin,8,3,2,0,0
Hotel Garni Pension Prenzlberg,4,13,6,0,0
Ambiente Apart,11,2,0,0,0
Pension Am Park,9,14,3,0,1
Hotel Alte Galerie,10,25,8,1,4
SMARTments Business Berlin Karlshorst,4,4,2,0,0
AMC Apartments - Bundesallee,5,10,5,1,0
Hotel-Pension Arche,11,47,24,11,9
Main Station Hostel,25,25,12,0,11
City Stop Berlin,32,40,11,8,17
JETpak Hostel,11,2,1,0,0
BackpackerBerlin,15,39,13,4,10
Pension Hostel Staycomfort Am Kurfurstendamm,29,36,18,9,10
Jugendgaestehaus Lichterfelde,3,10,2,0,0
Freiraum,13,11,4,1,1
Check In Hotel,9,11,5,5,2
Gaestehaus Berlin Mitte,15,20,15,8,4
Gastehaus Pauline,6,3,3,0,0
City Guesthouse Pension Berlin,9,21,9,4,4
Alexanderplatz Apartments,25,16,5,3,10
numa l Kater Apartments,4,0,0,0,0
Hotel Engelke,3,1,0,0,0
Das Andere Haus VIII,5,2,1,0,1
City-Apartments am Park,8,0,0,0,1
Hotel Artemisia,16,16,13,4,8
Bearlin City Apartment Olivaerplatz,9,12,8,5,2
Berlin Cribs Mitte,3,4,0,0,0
Appartment Neue Schonhauser Strasse,3,2,1,0,0
Designapart,4,1,1,0,0
Elegant Apartotel,4,6,2,1,2
Five Skulls,5,0,0,0,0
Apartment am Sony Center,1,1,0,0,0
berliner-zimmer Schokofabrik,8,3,3,1,4
Pension Marienburg,3,10,5,0,2
Schulz Apartments,8,26,6,0,7
Jugendherberge Berlin - Am Wannsee,9,7,7,6,2
Hotel Stadtgut,2,2,1,0,0
Jugendherberge Ernst Reuter,3,1,5,0,0
Pension Regenbogen,4,15,13,4,5
Bensimon Apartments,2,0,0,0,0
Hotel Waldschanke,2,0,0,0,0
Bonus Feature GmbH,2,0,0,0,0
Waldhotel-Frohnau,4,2,1,1,3
Viertelvier,2,0,0,0,0
Seminar- und Gastehaus Flussbad Gartenstrasse,2,3,2,2,0
Halong Hotel,7,10,10,4,4
Pension Michael,5,7,4,1,3
Bearlin City Apartments,5,6,2,3,2
Europaische Akademie Berlin,1,1,1,0,0
Tempelhof Pension,2,3,0,0,1
Urbn Dreams,1,1,0,0,0
numa l Kater Apartments,4,0,0,0,0
Hotel Wendland,4,3,2,1,1
Hotel-Pension am Rudesheimer Platz,3,0,0,0,1
A&B Apartment & Boardinghouse,0,5,4,0,0
Pension Guentzel,2,1,1,0,0
Paula's Comfy Little Corner,11,6,6,1,6
Hotel-Pension Agata,1,2,0,0,0
Apartmenthaus Petunie,3,3,1,2,0
Berlin Place,3,0,0,0,0
DCC Campingplatz Kladow,0,3,5,0,0
Happy Go Lucky Hotel & Hostel,0,5,2,2,0
RiSo Apartment 2,1,1,1,0,0
Regenbogen Hostel,2,6,0,2,1
Sevenrooms-Berlin,0,3,0,0,0
Good Mood Living,3,1,0,0,1
Pension Am Checkpoint,1,1,0,0,0
Pension Draheim,2,0,0,0,0
Alitania Apartments-Potsdamer Platz,2,0,0,0,0
Villa-Hufeland,1,1,0,0,0
Stars Berlin Apartments Essener Strasse,1,1,0,0,0
Hotel Pension Reiter,20,47,41,15,29
Downtown Apartments Mitte-Wedding,1,0,0,0,0
New Hostel Berlin Mitte,1,0,0,0,0
Planet Berlin City Apartments,1,0,0,0,0
Hotel-Pension Cityflair,1,1,0,0,0
Inn Sight - Potsdamer Platz,1,3,0,0,0
Paulsborn am Grunewaldsee,9,11,5,1,8
Hotel Pension Schaefer,1,1,0,0,0
Pension I,6,12,14,5,6
Ela Apartments Berlin,1,4,2,0,1
In Hotel Berlin,3,8,5,3,3
numa l Kater Apartments,4,0,0,0,0
Parkapartments - Berlin,2,1,0,0,0
Big City Hostel,3,6,3,0,1
Hotel Erpel,1,0,1,0,0
Gretha van Holland Hotelschiff Berlin Mitte,1,2,1,0,1
Kurfurstendamm Apartments,1,2,0,0,0
Berlin Apartment Duncker,1,1,0,0,0
Real Appartements,5,1,2,1,2
1st Floor Hostel,2,0,0,1,0
Pension Ariane,4,1,1,0,2
Pension Schubart,1,1,0,0,0
Hostel Pro-Social,1,3,3,2,0
MS Berlin Apartments,2,0,1,1,0
Hauptstadtferien Berlin,2,4,3,0,1
Villa Wittenau,1,0,0,0,0
6rooms,1,1,1,0,0
Heval's Grand Appartments,1,0,0,0,0
City Quartier,1,0,0,0,0
Pension Friedrich Wilhelm,0,2,2,0,0
Hotel-pension Dorma,1,5,2,0,1
Hotel-Restaurant Nest,3,1,3,2,0
Minihostel 12 Monkeys KuDamm,0,2,1,0,0
The Pirate Hostel,3,2,1,1,1
Pension Chic & Cheap,6,2,0,2,1
Baerliner Pension,0,6,1,1,1
Pension Mitte,0,2,1,0,0
Adlernest Pension,1,0,0,0,0
My Gay Hostel,1,3,5,2,0
Hotel Pension Intervarko,10,48,33,23,19
Pension Hubertus,1,1,1,0,1
numa l Kater Apartments,4,0,0,0,0
Backpacker's Paradise,2,0,0,0,1
Hostel am Flussbad,1,1,2,0,0
Tagungswerk Guesthouse,1,0,0,0,0
Soylent Lodge,1,1,0,0,0
Aparthotel Residenz 2000,8,17,15,15,7
Casa Schmuck,1,1,0,0,0
Kushinda Elberfelderstr,1,0,0,0,0
Arwobau,0,2,0,0,0
Pension Al Hamra,1,0,0,0,0
Eastside Pension,1,7,4,0,4
Gasthaus Dietrich Herz,0,3,0,0,0
BerlinLux Apartments - Friedrichshain,1,2,0,1,1
Haus La Garde,1,0,0,0,0
Ferienwohnung Wilmersdorfer Strasse,1,3,1,1,1
my private berlin,1,0,0,0,0
Ruhiges Zimmer am Waldrand,0,1,0,0,0
LittleFriedrichRooms At Propellerwerk,0,1,0,0,0
RixHouse,2,2,1,0,2
Apartments Maison Am Olivaer Platz,0,1,3,0,0
Josty Brauerei Appartments,0,1,0,0,0
Ferienwohnungen Familie Bockmann,0,1,0,0,0
Kutscherhaus Casa Chabeli,0,1,0,0,0
Allee Apartments Prenzlauer Berg,1,0,1,0,0
Hotel Hildebrandt,1,3,0,1,1
The 5 Lofts,0,1,0,0,0
M M Central Apartments,1,13,3,4,2
Apartments Mitte Residence,0,1,0,0,0
Hostel Anlema,0,2,0,0,0
Scube Park Columbia Berlin,24,31,41,16,27
Soeht 7,0,1,0,0,0
numa l Kater Apartments,4,0,0,0,0
Kaiser Apartments Berlin Charlottenburg,0,1,0,0,0
Inn Zum Oberfeld,0,1,0,0,0
Pension Ungelt,1,0,0,0,0
Uebernachtung Berlin,1,0,0,0,0
Allee Apartments,0,1,0,0,0
Lion Apartments Friedrichshain,1,2,0,0,1
Mirbach Apartments & Hostel,0,1,2,0,0
Charleston House Berlin,1,0,0,0,0
East West Hostel,1,0,1,1,0
Jugendhotel Luftbrucke,0,1,0,0,0
Wamos Zentrum,0,1,0,0,0
Haus Arkona,0,1,1,0,0
Stadtraum Berlin Apartments 2,1,2,0,0,1
1stfloor Hostel Berlin,0,1,1,0,0
Itowe Gallery Hostel,0,1,0,0,0
Nikol Apartments,2,1,3,4,0
Hotel Pension Canaletto,1,2,3,3,0
Hotel Gruener Baum,1,1,0,0,1
Villa Karlshorst,0,1,0,0,0
Tom's House Berlin,0,2,0,1,0
Pension Alexis,0,1,0,0,0
Pension & Cafe Adam,0,0,1,0,0
Ev. Bildungsstatte auf Schwanenwerder,0,0,2,0,0
Bolgerini Inn,7,4,13,8,2
Berlin Style Apartments,0,1,0,0,0
Pension am Fernsehturm,1,0,3,1,0
Pension Nomaden,0,1,0,0,0
Ao Hostel Am Zoo,0,1,0,1,0
Haus Am Niederfeld,0,0,1,0,0
Accordo Hotel Apartmenthaus,0,0,1,0,0
numa l Kater Apartments,4,0,0,0,0
Pension Flora,0,0,1,0,0
Gaestehaus Erika,0,0,1,0,0
Pension Alte Dorfaue,0,0,1,0,0
Lodge Berlin,0,0,1,0,0
Hotel Bernhard,0,0,1,0,0
Holidayflats Berlin,0,0,1,0,0
Stargarden Apartments,0,1,1,1,0
GEO Hostel Berlin,0,1,0,1,0
Apart-Pension Gilka,0,2,0,0,1
Berlin Holiday Apartments near Central Station,1,0,0,0,1
Ferienapartments Lackner,0,1,2,1,0
Dark Hostel,0,2,1,1,1
Apartments at Warschauer,1,2,0,0,1
A&B Apartment & Boardinghouse Berlin,4,7,6,6,4
Pension Steinert,0,1,0,1,0
Meininger Hotel,1,0,0,0,1
Gaybed Bed and Breakfast,3,5,1,2,4
Naturfreundehaus Karl Renner,1,0,0,0,2
Parkview Apartments,0,0,1,0,0
Spreepolis Boardinghaus,0,0,1,0,0
Pension Rahnsdorf Muggelsee,0,0,2,0,0
Primeflats - Apartments Island Mauerpark,0,0,1,0,0
primeflats - Apartments am Mauerpark,1,0,0,0,1
Eastpax Hostel,1,0,1,2,0
Hotel Potsdamer Hof,13,36,44,16,20
Sophienhof,0,4,3,1,1
Hotel-Maison Am Adenauerplatz,29,34,31,14,33
Berlin-Kurf Rstendamm,0,1,0,1,0
Hotel Ambert,2,0,3,0,2
Hotel-Pension Maximum,1,0,0,0,2
numa l Kater Apartments,4,0,0,0,0
Apartment Charlottenburg,0,0,2,1,0
CAB City Apartments Perleberger Strasse,0,0,0,1,0
Waldrestaurant Mueggelhort,0,1,0,0,1
Town Apartments Checkpoint Charlie,20,28,21,18,26
Berlin Boutique Hostel,0,2,0,2,1
Hostel Adler,0,0,1,1,1
Jugendgaestehaus Nordufer,0,2,1,2,1
Riverside Am Tegel See,5,9,2,2,9
Haus Reichwein,0,0,0,1,0
Kutscherstube,0,0,0,1,0
Villa Blumenfisch am Grossen Wannsee,1,1,0,1,1
Badstrasse Apartments,6,1,1,0,7
Bandelstr. 3,0,0,0,1,0
Check In Hostel,51,145,140,66,76
Pension Edison 13,0,1,0,1,1
City Apartments Am Regierungsvi,0,0,0,1,0
MM Central Apartments Budget,0,3,1,4,0
OYO Hotel Matzbach,1,8,7,2,5
Lodge Berlin,3,5,8,3,5
Amary City Residence,4,16,9,9,7
Pension Lette Eck,0,0,3,1,0
Hostel near Adenauerplatz,0,0,0,1,0
Touristenhaus Gruenau,7,14,18,8,17
City Apartment Vermietung,1,1,0,0,2
Pension ABC,4,21,24,6,9
Trio Apartment Hotel Berlin,0,0,2,1,0
Apartments Prens Berlin-Mitte,0,1,0,0,1
Aparthotel Christie,7,15,10,14,10
Hotel Pension Elegia,3,17,16,7,9
Pension Am Anger,2,0,2,0,3
numa l Kater Apartments,4,0,0,0,0
Apartments Am Kurfurstendamm,1,1,0,0,1
Pension Am Kutschi,2,4,13,4,3
Alex Suite Berlin,0,0,0,0,1
Sleep like Home Apartment,4,0,0,0,3
Lodgecity Prenzlauer Berg,0,2,1,1,2
Privates Loft Charlottenburg,0,0,0,0,1
Virage Hostel Pension,0,0,0,0,1
Berlin Base Apartments,0,1,1,1,1
Welt der Boden,0,1,1,0,1
Berlin Center Panorama,0,0,0,0,1
B&O Aparthostel,0,0,0,0,1
Hotel Elliot,0,0,0,0,1
Apartments in Neukolln,0,0,1,0,2
Berliner City Pension Uhlandstrasse,0,0,0,0,2
Esfand Hostel,2,1,2,0,5
Holiday Apartments Frankfurter Allee 98 - Orbis Apartments,0,0,0,0,1
Landhaus im Grunen Pension,0,1,1,0,2
Entree Hotel Marzahn,0,1,0,1,3
Bonverde,4,14,12,4,12
Berlin Grand Apartment,0,0,0,0,1
Sezer B&A UG,0,0,0,1,0
Hotel Pension Eberty,1,9,6,2,7
Pension Puschkin Berlin,3,13,13,5,12
Gaestehaus der Polizei,0,1,2,0,2
Pension Thomas,3,9,5,2,8
Hotel Garni Aaberna,0,0,0,0,1
Colorblind Berlin,0,0,1,0,1
Box 61,0,0,0,0,1
BNB Hostel,0,0,0,0,1
Grand Central Mitte Apartment,0,0,0,0,1
numa l Kater Apartments,4,0,0,0,0
Pension am Park,0,0,2,2,1
Hostel am Friedrichshain,0,0,0,0,3
Karl Marx Hostel,0,2,1,1,3
L72 Appartement,3,15,13,3,20
Berlin Hostel,1,0,0,2,3
Pension Aaberna,0,0,1,1,2
Central Camping Berlin,0,1,0,0,3
David's Hostel Berlin,5,5,7,6,15
Sixties Young Apartments,2,14,21,13,20
Haus Dannenberg,1,0,1,3,12
Upper Room Hotel Am Kurfurstendamm,1,2,2,1,9
Rubezahl Am Muggelsee,0,1,1,0,2
Hotel Pension Insor,2,8,16,9,13
Neo Hostel,0,0,0,0,1
Central Apartments Berlin,0,4,1,2,5
Aparthotel Thuringer Hof,0,0,0,0,1
City Inn,2,12,29,6,17
SleepCheapHostel,5,19,22,19,25
HappyHostelBerlin,4,4,11,6,12
Berlin Wedding,0,0,0,0,2
Cozy Houseboat Wannsee,0,0,0,0,2
Hotel Pension Streuhof Berlin,4,6,5,2,11
Sixties Apartments,2,1,2,3,5
Prime Flats - Apartments am Schillerpark,0,0,0,0,2
Bearlin City Apartments - City Center East,0,0,0,0,2
RS Apartments,1,1,2,3,6
Hotel Pension Saks,0,7,8,5,12
Bedstop Hostel Berlin,3,0,1,1,12
Overnight,0,1,1,1,8
numa l Kater Apartments,4,0,0,0,0
Stadtraum Berlin Apartments 2,1,2,0,0,1
1stfloor Hostel Berlin,0,1,1,0,0
Itowe Gallery Hostel,0,1,0,0,0
Nikol Apartments,2,1,3,4,0
Hotel Pension Canaletto,1,2,3,3,0
Hotel Gruener Baum,1,1,0,0,1
Villa Karlshorst,0,1,0,0,0
Tom's House Berlin,0,2,0,1,0
Pension Alexis,0,1,0,0,0
Pension & Cafe Adam,0,0,1,0,0
Ev. Bildungsstatte auf Schwanenwerder,0,0,2,0,0
Pension Flora,0,0,1,0,0
Gaestehaus Erika,0,0,1,0,0
Pension Alte Dorfaue,0,0,1,0,0
Lodge Berlin,0,0,1,0,0
Hotel Bernhard,0,0,1,0,0
Holidayflats Berlin,0,0,1,0,0
Stargarden Apartments,0,1,1,1,0
GEO Hostel Berlin,0,1,0,1,0
Apart-Pension Gilka,0,2,0,0,1
Berlin Holiday Apartments near Central Station,1,0,0,0,1
Ferienapartments Lackner,0,1,2,1,0
Dark Hostel,0,2,1,1,1
Apartments at Warschauer,1,2,0,0,1
Ao Hostel Am Zoo,0,1,0,1,0
Haus Am Niederfeld,0,0,1,0,0
Accordo Hotel Apartmenthaus,0,0,1,0,0
primeflats - Apartments am Mauerpark,1,0,0,0,1
Eastpax Hostel,1,0,1,2,0
Hotel Potsdamer Hof,13,36,44,16,20
numa l Kater Apartments,4,0,0,0,0
