name,5,4,3,2,1,total
Amazon Essentials Men's Knit Athletic Sneaker,49%,23%,15%,6%,7%,274
Tvtaop Mens Tennis Shoes Athletic Running Shoes Lightweight Sneakers Non Slip Walking Gym Shoes,57%,18%,10%,4%,11%,306
Lamincoa Mens Tennis Sneakers Slip On Lightweight Athletic Fashion Casual Breathable Shoes for Walking Running Gym Jogging Fitness,63%,22%,8%,3%,4%,281
Fila Men’s Memory Workshift Slip Resistant Work Shoe,66%,17%,8%,4%,5%,20798
Fila Men's Transition Athletic Sandal,75%,13%,6%,2%,4%,7204
adidas Men's CF Lite Racer Byd,77%,13%,5%,2%,3%,8284
APRILSPRING Mens Walking Shoes Fashion Running Sports Non Slip Sneakers,61%,16%,9%,5%,9%,7616
Converse Men's Chuck Taylor Sneakers,77%,10%,4%,2%,6%,27673
Under Armour Men's Charged Assert 8 Running Shoe,79%,14%,4%,1%,2%,50421
Skechers Unisex-Adult Classic Fit-Delson-Camden Sneaker,78%,13%,5%,2%,3%,22327
Amazon Essentials Men's Canvas Lace Up Beach Sneaker,58%,22%,8%,5%,7%,301
Voet Men's Milo Vegan Leather Classic Casual Fashion Sneaker,66%,20%,7%,2%,5%,126
Josaywin Mens Walking Shoes Non Slip Breathable Tennis Gym Running Shoes Knit Sneakers,73%,7%,0%,12%,9%,29
Rospick Slip On Men's Sneakers Walking Shoes for Men Fashion Lightweight Breathable Running Shoes Sport Athletic Tennis Shoes,58%,18%,11%,5%,8%,465
Amazon Essentials Men's Lace Up Knit Athleisure Sneaker,60%,20%,7%,4%,9%,166
Amazon Essentials Men's Lace Up Boat Shoe Sneaker,61%,17%,11%,4%,7%,268
Amazon Essentials Men's Sport Casual Slip on Sneaker,60%,20%,10%,3%,8%,64
MAINCH Running Shoes for Men Athletic Fashion Sneakers Non Slip Walking Shoes,57%,28%,3%,5%,6%,94
Cole Haan Men's Grand Crosscourt Ii Sneaker,75%,13%,5%,2%,4%,9799
Nike Men's Court Royale AC Sneaker,76%,12%,7%,1%,4%,1345
PUMA Men's Enzo 2 Sneaker,78%,11%,5%,2%,4%,2451
PUMA Men's Axelion Perf Running Shoe,79%,12%,4%,2%,3%,5491
Skechers Men's Energy Afterburn Lace-Up Sneaker,73%,15%,6%,2%,4%,17962
New Balance Men's 577 V1 Hook and Loop Walking Shoe,66%,16%,7%,4%,6%,13498
Nike Men's Air Monarch IV Cross Trainer,73%,14%,6%,3%,5%,22618
adidas Men's Kaptur Sneaker,79%,12%,4%,2%,3%,8336
Timberland Men's Groveton LTT Chukka Leather & Fabric Sneaker,73%,14%,7%,2%,4%,2745
BRONAX Men's Stylish Graffiti Personality Sneakers,68%,16%,8%,3%,5%,12813
YDB Men's Running Shoes Ultra Lightweight Breathable Walking Shoes Non Slip Athletic Fashion Sneakers Mesh Workout Casual Sports Shoes,61%,20%,9%,4%,7%,1844
BomKinta Men's Road Running Shoes Breathable Gym Sneakers Fashion Walking Athletic Shoes,62%,18%,11%,4%,4%,210
ECCO Men's Soft 7 Street Sneaker,79%,10%,6%,3%,3%,186
Ecco Men's Biom Fjuel Train Walking Shoe,78%,10%,5%,2%,5%,972
Amazon Essentials Men's Sport Casual Slip on Sneaker,60%,20%,10%,3%,8%,64
Under Armour Men's Surge 2 Running Shoe,78%,14%,4%,2%,2%,10680
Reebok Men's Workout Plus Cross Trainer,71%,14%,7%,2%,5%,2790
adidas Men's Grand Court Se Tennis Shoe,74%,15%,5%,2%,4%,1504
Merrell Men's World Legend 2 Moc Loafer,74%,13%,5%,5%,3%,256
ECCO Men's Soft Classic Sneaker,70%,16%,6%,3%,6%,690
Reebok Men's Bb4500 Hi High Top Sneaker,71%,15%,6%,2%,5%,743
adidas Men's Lite Racer BYD 2.0 Trail Running Shoe,73%,16%,5%,2%,3%,545
Reebok Men's Bb4500 Hi 2 Sneaker,73%,15%,6%,2%,4%,8113
Kenneth Cole New York Men's Liam Sneaker,66%,19%,7%,4%,5%,381
AX BOXING Mens Casual Shoes Fashion Sneakers Breathable Comfort Walking Shoes for Male,64%,20%,9%,3%,4%,1075
Men's Running Shoes Blade Tennis Walking Fashion Sneakers Breathable Non Slip Gym Sports Work Trainers,65%,15%,9%,3%,7%,403
Steve Madden Men's Fenta Fashion Sneaker,65%,17%,8%,4%,6%,2950
Skechers Men's Expected Gomel Slip-On Loafer,78%,15%,4%,1%,2%,9838
Skechers Sport Men's Vigor 2.0 Serpentine Memory Foam Sneaker,76%,16%,5%,2%,2%,7772
Reebok mens Classic Leather,81%,9%,5%,1%,4%,1441
Reebok Men's Club MEMT Sneaker,73%,15%,6%,2%,4%,2131
Nike Men's Revolution 5 Wide Running Shoe,77%,13%,5%,2%,4%,20620
Reebok Men's CL Leather CTE Fashion Sneaker,81%,11%,4%,2%,3%,12393
New Balance Men's 608 V5 Casual Comfort Cross Trainer,78%,14%,4%,1%,3%,38269
Tommy Hilfiger Men's Pandora Sneaker,69%,15%,8%,3%,5%,5053
Under Armour Men's Street Encounter Iv CNV,77%,13%,5%,1%,2%,2727
Rockport Men's Colle Tie Sneaker,71%,16%,7%,3%,4%,1290
Cole Haan Men's Grand Motion Woven Stitchlite Sneaker,78%,13%,4%,2%,3%,2467
Reebok Men's Bb4500 Low 2 Sneaker,73%,13%,6%,3%,4%,131
Merrell Men's Alpine Sneaker,76%,13%,6%,2%,3%,410
Reebok Men's Classic Renaissance Sneaker,69%,14%,7%,3%,7%,2332
New Balance Men's 623 V3 Casual Comfort Cross Trainer,70%,17%,6%,2%,4%,9045
OLUKAI Nohea Moku Men’s Boat Shoes No Tie Laces & Stretch Construction Breathable Mesh & All Weather Rubber Soles,82%,10%,5%,2%,2%,1030
Nike Men's Air Force 1 '07 An20 Basketball Shoe,85%,8%,2%,1%,4%,1843
PUMA Unisex-Adult Super Levitate Sneaker,71%,16%,6%,3%,4%,3974
adidas Men's Hoops 2.0 Mid Sneaker,74%,13%,6%,3%,4%,1627
Nike Men's Renew Fusion Sneaker,73%,13%,7%,2%,5%,531
Fila Men's Strada Disruptor,77%,11%,5%,2%,5%,6160
Lacoste Men's Bayliss Fashion Sneaker,74%,13%,6%,3%,4%,1832
Kenneth Cole REACTION Men's Sprinter Sneaker,72%,17%,6%,2%,3%,1832
APRILSPRING Mens Walking Shoes Fashion Running Sports Non Slip Sneakers,61%,16%,9%,5%,9%,7616
TIAMOU Men Running Walking Shoes Sport Athletic Wihte Jogging Sneakers,63%,16%,9%,4%,8%,5782
YDB Men's Running Shoes Ultra Lightweight Breathable Walking Shoes Non Slip Athletic Fashion Sneakers Mesh Workout Casual Sports Shoes,61%,20%,9%,4%,7%,1844
BRONAX Men's Stylish Graffiti Personality Sneakers,68%,16%,8%,3%,5%,12813
Men's Walking Shoes Running Non Slip Casual Fashion Sneakers,67%,17%,7%,2%,6%,440
AX BOXING Mens Casual Shoes Fashion Sneakers Breathable Comfort Walking Shoes for Male,64%,20%,9%,3%,4%,1075
Sperry Men's Striper II CVO Washable Sneaker,78%,13%,5%,1%,2%,2669
Nike Men's Flex Experience Run 8 Sneaker,73%,14%,6%,3%,4%,6066
PUMA Men's Tazon 6 Fracture FM Cross-Trainer Shoe,71%,15%,7%,3%,4%,19741
Levi's Mens 520 BB Hi Fashion Hightop Sneaker Shoe,67%,21%,5%,3%,4%,84
Nautica Men's Townsend Casual Lace-Up ShoeClassic Low Top Loafer Fashion Sneaker,70%,16%,6%,3%,5%,1875
Fila Men's F-13v Lea/syn Fashion Sneakers,77%,14%,5%,2%,3%,6123
Nike Men's Court Vision Mid Sneaker,77%,12%,4%,2%,5%,2736
Skechers Sport Men's Vigor 2.0 Trait Memory Foam Sneaker,74%,16%,5%,2%,3%,13504
Under Armour Men's Training Cross Trainer,78%,14%,5%,1%,2%,2203
Skechers Sport Men's Elite Flex Hartnell Fashion Sneaker,80%,13%,4%,1%,1%,3741
adidas Men's Daily 3.0 Skate Shoe,81%,12%,4%,1%,2%,4856
Tommy Hilfiger Men's Ramus Sneaker,76%,11%,5%,3%,4%,1376
Tvtaop Mens Tennis Shoes Athletic Running Shoes Lightweight Sneakers Non Slip Walking Gym Shoes,57%,18%,10%,4%,11%,306
Damyuan Mens Lightweight Athletic Running Walking Gym Shoes Casual Sports Shoes Fashion Sneakers Walking Shoes,58%,17%,10%,5%,9%,4671
FUSHITON Mens Athletic Walking Blade Running Tennis Shoes Fashion Sneakers,58%,18%,10%,5%,9%,1091
Skechers for Work Men's Felton Slip Resistant Relaxed-Fit Work Shoe,67%,16%,7%,3%,6%,21763
Reebok Men's Classic Nylon Sneaker,83%,11%,3%,1%,2%,3410
Reebok Men's Club MEMT Sneaker,78%,13%,4%,2%,3%,1335
Nike Men's Trail Running Shoes,78%,12%,4%,1%,4%,932
Nike Men's Low-Top Sneakers,76%,11%,4%,2%,7%,3615
Reebok Men’s Club C Sneaker,78%,12%,4%,2%,3%,6360
HARLEY-DAVIDSON FOOTWEAR Men's Wrenford Sneaker,71%,13%,7%,3%,5%,2158
adidas Men's Advantage Eco Sneaker,82%,11%,3%,1%,3%,279
Fila Men's Memory Sportland Running Shoe,70%,17%,6%,3%,4%,1050
ECCO Men's Soft 7 Fashion Sneaker,76%,13%,6%,1%,4%,2001
PUMA Unisex-Adult Smash V2 Sneaker,75%,14%,5%,2%,4%,5342
Tommy Hilfiger Men's Rozi Slide Sandal,74%,14%,6%,2%,5%,1832
Diesel Men's S-astico Low Cut Sneakers,100%,0%,0%,0%,0%,1
BomKinta Men's Road Running Shoes Breathable Gym Sneakers Fashion Walking Athletic Shoes,62%,18%,11%,4%,4%,210
LANGFEUU Mens Walking Tennis Shoes Fashion Running Non Slip Sneakers Lightweight Casual Sports Gym Shoes,0%,0%,0%,0%,100%,1
adidas Men's Grand Court LTS Racquetball Shoe,80%,11%,5%,2%,2%,70
adidas Men's Grand Court Sneaker,81%,12%,4%,1%,2%,13187
Reebok Unisex-Adult Resonator Mid Basketball Shoe,81%,10%,2%,2%,4%,62
Nike Men's Court Vision Low Black/Royal,83%,0%,17%,0%,0%,8
Nike Men's Running Shoe,75%,16%,5%,1%,3%,1489
K-Swiss Men's ST329 CMF Training Shoe,81%,11%,3%,1%,3%,7500
Ecco Men's Soft 7 Tred High Top Gore-tex Sneaker,80%,14%,2%,1%,3%,340
Lacoste Men's Lerond Fashion Sneaker,75%,12%,7%,3%,4%,1077
Skechers Men's After Burn Memory Fit - Strike Off Lace-Up Sneaker,72%,17%,6%,2%,3%,7273
PUMA Men's Backcourt Mid Sneaker,76%,10%,7%,2%,5%,265
Under Armour Men's Charged Assert 8 Running Shoe,79%,14%,4%,1%,2%,50421
ECCO Men's Exostride Sneaker,72%,8%,5%,6%,10%,199
OLUKAI Moku Pae Men's Boat Shoes No Tie Laces & Stretch Construction Lightweight & Breathable Mesh Comfort Fit & Wet Grip Rubber Soles,81%,11%,4%,3%,2%,187
Reebok Unisex-Adult Classic Leather (Ree) Cycle Sneaker,72%,13%,6%,3%,6%,810
Reebok Men's Ex-o-fit Hi Sneaker,81%,8%,4%,2%,5%,3196
adidas Men's Lite Racer Adapt Running Shoe,79%,12%,4%,2%,3%,11883
Reebok Men's Classic Leather Harman Run Sneaker,73%,13%,5%,3%,6%,7410
Nike Mens React Element 55 Running Shoes,72%,13%,5%,3%,7%,1227
New Balance Men's Fresh Foam Roav V1 Running Shoe,80%,12%,4%,1%,3%,15828
Nike Men's Low-Top Sneakers,76%,12%,5%,2%,5%,1480
ECCO Men's Soft Classic Summer Perforated Sneaker,78%,9%,10%,0%,2%,66
adidas Men's Cloudfoam Advantage Sneakers,73%,13%,6%,3%,5%,2113
Men's Sperry Bahama II Boat Shoe,79%,12%,4%,2%,3%,2166
WsDebutting Men's Sneakers Fashion Lightweight Running Shoes Lace-up Casual Shoes for Walk,70%,16%,7%,4%,4%,870
Caitin Mens Running Tennis Blade Shoes Lightweight Casual Walking Sneakers,63%,18%,10%,4%,5%,941
Men's Sneakers Slip-On Tennis Shoes - Lightweight Walking Shoes Breathable Non Slip Cross Trainers Shoes for Gym Workout Jogging,60%,19%,7%,6%,8%,650
AX BOXING Mens Casual Shoes Fashion Sneakers Breathable Comfort Walking Shoes for Male,64%,20%,9%,3%,4%,1075
Fila Men’s Memory Workshift Slip Resistant Work Shoe,66%,17%,8%,4%,5%,20798
TIAMOU Men Running Walking Shoes Sport Athletic Wihte Jogging Sneakers,63%,16%,9%,4%,8%,5782
APRILSPRING Mens Walking Shoes Fashion Running Sports Non Slip Sneakers,61%,16%,9%,5%,9%,7616
Lacoste Men's Marice Slip on Sneaker,74%,12%,5%,3%,6%,2629
New Balance Men's 411 V1 Walking Shoe,71%,16%,6%,3%,4%,7204
Nike Men's Trail Running Shoes,78%,12%,4%,1%,4%,932
Nike Men's Manoa Leather Hiking Boot,76%,13%,5%,3%,4%,1086
Nike Men's Lebron Witness IV Basketball Shoes,77%,12%,4%,1%,5%,772
Lugz Men's Flip Sneaker,68%,17%,7%,3%,5%,7094
Rockport Men's Chranson Walking Shoe,64%,18%,8%,4%,6%,5953
Merrell Men's Vapor Glove 3 Luna Leather Sneaker,70%,12%,8%,3%,6%,1078
ECCO Men's Street Tray Classic Sneaker,58%,19%,7%,6%,11%,56
PUMA Unisex-Adult Super Levitate Sneaker,71%,16%,6%,3%,4%,3974
Sperry Men's Halyard CVO Sneaker,77%,14%,4%,2%,2%,1339
Fila mens Strada Disruptor,78%,11%,4%,2%,4%,1757
Tvtaop Mens Tennis Shoes Athletic Running Shoes Lightweight Sneakers Non Slip Walking Gym Shoes,57%,18%,10%,4%,11%,306
Damyuan Mens Lightweight Athletic Running Walking Gym Shoes Casual Sports Shoes Fashion Sneakers Walking Shoes,58%,17%,10%,5%,9%,4671
BRONAX Men's Stylish Graffiti Personality Sneakers,68%,16%,8%,3%,5%,12813
adidas Men's Advantage Eco Sneaker,82%,11%,3%,1%,3%,279
Nike Men's Basketball Shoes,67%,15%,6%,4%,7%,466
Nike Men's Downshifter 9 Running Shoe,75%,14%,5%,2%,4%,6994
Nike Mens Air Monarch Iv,75%,13%,5%,3%,4%,2119
adidas Originals Men's Speed Trainer 4 Baseball Shoe,74%,14%,7%,3%,3%,888
Skechers Men's Equalizer 3.0 Oxford,76%,15%,5%,2%,3%,3527
Reebok Unisex-Adult Club C Coast Sneaker,83%,10%,7%,0%,0%,33
adidas Originals Men's NMD_r1 Running Shoe,83%,10%,3%,1%,3%,6688
Skechers for Work 77055 Cankton Athletic Steel Toe work sneaker,69%,16%,7%,3%,5%,13548
Converse Women's Chuck Taylor All Star Shoreline Low Top Sneaker,78%,11%,5%,2%,4%,8916
Bruno Marc Men's Mesh Sneakers Oxfords Lightweight Shoes,76%,15%,5%,2%,2%,3092
ECCO Men's Street Tray Gore-tex Sneaker,56%,13%,9%,5%,17%,53
MEHOTO Mens Air Running Sneakers Men Sport Fitness Gym Jogging Walking Lightweight Shoes Size 7-12.5,64%,16%,7%,4%,9%,3804
BomKinta Men's Road Running Shoes Breathable Gym Sneakers Fashion Walking Athletic Shoes,62%,18%,11%,4%,4%,210
YDB Men's Running Shoes Ultra Lightweight Breathable Walking Shoes Non Slip Athletic Fashion Sneakers Mesh Workout Casual Sports Shoes,61%,20%,9%,4%,7%,1844
Skechers Men's Go Walk Max-athletic Air Mesh Slip on Walking Shoe,72%,15%,6%,2%,4%,20753
Reebok Men's Bb4500 Hi 2 Sneaker,73%,15%,6%,2%,4%,8113
PUMA Suede Suede Classic + LFS Sneaker,55%,12%,7%,5%,21%,4627
PUMA Unisex-Baby Carson 2 Hook and Loop Sneaker,67%,15%,7%,6%,5%,101
New Balance Men's 577 V1 Lace-up Walking Shoe,69%,16%,7%,4%,5%,9105
Reebok Unisex-Adult Royal Cl Jogger 3 Sneaker,60%,23%,9%,2%,6%,61
Vans Men's Asher (Canvas) Skate Shoe,81%,10%,4%,1%,4%,1659
PUMA Men's Cell Surin 2.0 FM Sneaker,74%,14%,6%,2%,4%,5083
New Balance Men's 574 V2 Evergreen Sneaker,78%,11%,5%,2%,3%,7465
Nike Men's Low-Top Sneakers,76%,12%,5%,2%,5%,1480
Polo Ralph Lauren Men's Faxon Low Sneaker,74%,14%,6%,2%,3%,7423
ECCO Men's Soft Classic Sneaker,70%,16%,6%,3%,6%,690
Nike Men's Training Basketball Shoe,79%,12%,3%,2%,4%,737
MUK LUKS Men's Kadin Shoes Fashion Sneaker,62%,8%,19%,0%,11%,18
adidas Originals Men's X_PLR Sneaker,83%,11%,3%,1%,2%,1670
Nike Mens KD Trey 5 VIII Basketball Shoes,84%,9%,4%,1%,2%,342
Converse Unisex-Adult Chuck Taylor All Star 2018 Seasonal High Top Sneaker,82%,9%,4%,1%,4%,30941
adidas Originals Superstar Mens Casual Classic Sneaker Fy2826,81%,13%,6%,0%,0%,51
adidas Men's Hoops Mid 2.0 Basketball Shoe Black/White/Black 8,77%,13%,5%,3%,2%,118
adidas Men's Strutter,67%,16%,10%,4%,3%,1753
Nike Men's Air Monarch Iv (4e) Cross Trainer,78%,13%,4%,2%,3%,3422
PUMA Unisex-Adult Future Rider Pride Sneaker,77%,9%,4%,3%,7%,82
Nike Mens Tanjun Running Sneaker Black/Anthracite/Black 9,75%,16%,5%,1%,4%,319
Nike Air Huarache,80%,11%,3%,2%,4%,2303
FZUU Men's Fashion High Top Leather Street Sneakers Sports Casual Shoes,57%,15%,11%,6%,11%,1818
SKDOIUL Sports Sneakers for Men Mesh Breathable Fashion Youth Big Boys Trail Walking Shoes Black White Red,65%,16%,9%,4%,7%,3180
BomKinta Men's Road Running Shoes Breathable Gym Sneakers Fashion Walking Athletic Shoes,62%,18%,11%,4%,4%,210
KUXIE Mens Running Shoes Athletic Casual Walking Shoes Fashion Sneakers,59%,14%,11%,6%,10%,431
FZUU Men's Fashion High Top Leather Street Sneakers Sports Casual Shoes,57%,15%,11%,6%,11%,1818
AX BOXING Mens Casual Shoes Fashion Sneakers Breathable Comfort Walking Shoes for Male,64%,20%,9%,3%,4%,1075
TIAMOU Men Running Walking Shoes Sport Athletic Wihte Jogging Sneakers,63%,16%,9%,4%,8%,5782
Skechers Men's Equalizer 2.0 True Balance Sneaker,73%,16%,6%,2%,3%,6342
Nautica Mens High-Top Sock Sneaker with Extra Ankle Support (Slip-On/Lace-up),72%,13%,5%,4%,6%,210
Skechers Men's Afterburn M. Fit Strike on,71%,16%,7%,2%,4%,6972
K-Swiss Men's Court Casal SDE Sneaker,68%,17%,5%,2%,9%,74
Skechers Men's Energy Afterburn Lace-Up Sneaker,73%,15%,6%,2%,4%,17962
New Balance Men's 623 V3 Casual Comfort Cross Trainer,70%,17%,6%,2%,4%,9045
adidas Men's Hoops Mid 2.0 Basketball Shoe Black/White/Black 12,82%,9%,5%,0%,3%,175
HARLEY-DAVIDSON FOOTWEAR Men's Roarke-m,74%,11%,7%,2%,6%,727
Nike Men's Race Running Shoe,73%,15%,5%,2%,4%,2326
Skechers mens Stamina - Nuovo,74%,15%,6%,2%,3%,3410
OLUKAI Alapa Li Men's Athletic Sneakers Breathable Mesh & Moisture-Wicking Design No Tie Laces Lightweight & Supportive,80%,11%,4%,2%,4%,740
Nike Men's Gymnastics Shoes,81%,8%,3%,2%,6%,3805
Damyuan Mens Lightweight Athletic Running Walking Gym Shoes Casual Sports Shoes Fashion Sneakers Walking Shoes,58%,17%,10%,5%,9%,4671
Tvtaop Mens Tennis Shoes Athletic Running Shoes Lightweight Sneakers Non Slip Walking Gym Shoes,57%,18%,10%,4%,11%,306
BRONAX Men's Stylish Graffiti Personality Sneakers,68%,16%,8%,3%,5%,12813
Skechers Sport Men's Stamina Nuovo Cutback Lace-Up Sneaker,76%,14%,6%,2%,2%,13633
PUMA Men's Tazon 6 Fade Cross-Trainer Shoe,74%,15%,6%,2%,3%,20696
Under Armour Men's Ignite Vi Graphic Strap Slide Sandal,76%,13%,6%,2%,3%,42645
K-Swiss Men's ST329 Sneaker,81%,12%,3%,2%,2%,2219
New Balance Men's 520 V7 Running Shoe,68%,16%,7%,3%,5%,1175
Lacoste Men's Chaymon Sneaker,76%,12%,5%,2%,5%,2162
Under Armour Men's Charged Assert 9 Running Shoe,80%,12%,4%,1%,3%,2542
Concept 3 by Skechers Men's Eakins Lace-up Sneaker,57%,28%,10%,4%,2%,216
Sperry Men's Coast Line Blucher,79%,15%,5%,0%,1%,89
New Balance Men's Fresh Foam Arishi V3 Running Shoe,74%,15%,5%,2%,4%,5095
adidas Men's Trainers,82%,10%,4%,2%,3%,2698
Nautica Men's Fashion Sneakers Lace-Up Trainers Basketball Style Walking Shoes,75%,0%,25%,0%,0%,7
YDB Men's Running Shoes Ultra Lightweight Breathable Walking Shoes Non Slip Athletic Fashion Sneakers Mesh Workout Casual Sports Shoes,61%,20%,9%,4%,7%,1844
MAINCH Men's Fashion Sneakers Casual Walking Shoes Athletic Work Shoes,56%,19%,8%,7%,11%,58
Diesel Men's S-astico Low Cut Sneakers,100%,0%,0%,0%,0%,1
ECCO Men's Collin 2.0 Slip-on,76%,13%,5%,4%,2%,551
PUMA Men's Redon Move Fashion Sneaker,64%,16%,8%,4%,8%,2140
Under Armour Men's HOVR Infinite 2 Running Shoe,79%,12%,5%,1%,3%,1789
adidas Men's Alphabounce Slide,83%,11%,3%,1%,2%,18330
adidas Originals Men's Swift Essential Sneaker,78%,11%,4%,2%,5%,1923
Amazon Essentials Men's Sport Casual Slip on Sneaker,60%,20%,10%,3%,8%,64
Nike Men's Court Royale AC Sneaker,76%,12%,7%,1%,4%,1345
Reebok Men's Nanoflex Tr Cross Trainer,72%,11%,5%,5%,8%,30
adidas Originals Men's Seeley Running Shoe,75%,14%,6%,2%,3%,9286
adidas Men's Advantage Sneaker,79%,13%,4%,1%,2%,7316
PUMA Men's Roma Classic Gum Sneaker,70%,14%,6%,3%,7%,2591
adidas Men's Kaptir 2.0 Running Shoe,81%,10%,4%,1%,3%,640
Tommy Hilfiger Men's Rezz Sneaker,81%,12%,3%,1%,3%,660
Concept 3 by Skechers Men's Hearn Lace-up Mesh Sneaker,69%,20%,6%,2%,2%,1295
adidas Originals Unisex-Adult Tubular Doom Sock PK Running Shoe,74%,10%,8%,2%,6%,336
Reebok Men's Nanoflex Cross Trainer,67%,15%,9%,3%,5%,541
Troadlop Men's Running Shoes Non Slip Shoes Breathable Lightweight Sneakers Slip Resistant Athletic Sports Walking Gym Work Shoes,58%,16%,10%,5%,11%,4951
ECCO Men's Street Tray Retro Slip-on Sneaker,0%,100%,0%,0%,0%,1
New Balance Men's 577 V1 Hook and Loop Walking Shoe,66%,16%,7%,4%,6%,13498
ECCO Men's Biom 2.0 Low Textile Sneaker,68%,0%,24%,8%,0%,20
Nike Mens Air Force 1 High '07,81%,9%,4%,2%,4%,1145
adidas Originals Men's Continental 80 Sneaker,73%,13%,6%,3%,5%,3030
adidas Men's HVC Wrestling Shoe,78%,12%,4%,1%,4%,5194
MEHOTO Mens Air Running Sneakers Men Sport Fitness Gym Jogging Walking Lightweight Shoes Size 7-12.5,64%,16%,7%,4%,9%,3804
Super Lightweight Safety Shoes Proof Resistant Work Shoe for Industrial and Construction Steel Toe Shoes for Men and Women.,66%,15%,8%,4%,8%,1528
YYZ Men’s Sneakers Lightweight Tennis Shoes - Slip on Breathable Walking Shoes for Men Non Slip Workout Shoes for Jogging Gym Travel,74%,16%,0%,0%,10%,17
Fila Men’s Memory Workshift Slip Resistant Work Shoe,66%,17%,8%,4%,5%,20798
LZDZN Athletic Sport Running Walking Shoes for Men Mesh Breathable Trail Runners Fashion Sneakers,49%,16%,16%,3%,17%,39
YDB Men's Running Shoes Ultra Lightweight Breathable Walking Shoes Non Slip Athletic Fashion Sneakers Mesh Workout Casual Sports Shoes,61%,20%,9%,4%,7%,1844
KEEN Utility Men's Vista Energy Low Soft Toe Industrial Sneaker Work,56%,44%,0%,0%,0%,14
VANS Unisex Era Skate Shoes Classic Low-Top Lace-up Style in Durable Double-Stitched Canvas and Original Waffle Outsole,78%,10%,5%,2%,5%,3904
PUMA Men's Cool Cat Slide Sandal,79%,11%,4%,1%,5%,726
Skechers Elite Flex Men's Wasik Loafer Shoes,76%,14%,5%,2%,3%,3848
Converse Unisex Chuck Taylor All Star,87%,4%,6%,0%,3%,106
Merrell Men's Trail Glove 5 Sneaker,72%,14%,6%,3%,5%,3327
Polo Ralph Lauren Men's Thorton Ii Sneaker,70%,13%,7%,4%,6%,841
ECCO Men's Mx Low Sneaker,70%,12%,8%,2%,7%,94
Converse Unisex-Child Chuck Taylor All Star Canvas High Top Sneaker,87%,7%,2%,1%,3%,2548
Nike Men's Revolution 4 Running Shoe Black/White-Anthracite 10 Regular US,70%,18%,6%,3%,3%,488
Merrell Men's Moab Edge 2 Waterproof Sneaker,75%,11%,7%,4%,4%,729
Reebok Women's Club C Sneaker,80%,10%,4%,2%,3%,3143
Under Armour Men's Training Cross Trainer,78%,14%,5%,1%,2%,2203
Tvtaop Mens Tennis Shoes Athletic Running Shoes Lightweight Sneakers Non Slip Walking Gym Shoes,57%,18%,10%,4%,11%,306
BRONAX Men's Stylish Graffiti Personality Sneakers,68%,16%,8%,3%,5%,12813
Salomon Men's Authentic LTR GTX Backpacking,68%,19%,6%,3%,5%,584
Reebok Men's Fusion Flexweave Sneaker,67%,16%,7%,5%,5%,419
Vionic Men's Walker,60%,16%,7%,6%,12%,1221
Converse Kid's Chuck Taylor All Star High Top Shoe,83%,9%,3%,1%,4%,8172
Fila Men's F-13v Lea/syn Fashion Sneakers,77%,14%,5%,2%,3%,6123
K-Swiss Men's Classic Vn Heritage Sneaker,79%,12%,4%,3%,3%,1081
SANSHA Motion Dance Sneaker,68%,13%,8%,4%,8%,272
Harley-Davidson Men's Wrenford Canvas Sneakers D93544 (Black 8.5),100%,0%,0%,0%,0%,2
ECCO Men's Street Tray High Top Sneaker,43%,28%,0%,0%,29%,4
adidas Men's Tech Response Golf Shoes,75%,16%,5%,2%,2%,22628
London Fog Mens Belmont Chukka Boot,77%,13%,5%,3%,3%,2082
ECCO Men's Low-top Sneaker,67%,18%,8%,4%,3%,249
Hgyltch Mens Running Shoes Tennis Fashion Sneakers Athletic Casual Slip On Walking Gym Lightweight Breathable Shoes,53%,20%,11%,7%,9%,381
Diesel Men's S-astico Low Cut Sneakers,100%,0%,0%,0%,0%,1
adidas Men's Kaptur Sneaker,79%,12%,4%,2%,3%,8336
adidas Performance Samba M I Leather Indoor Soccer Shoe (Infant/Toddler),87%,8%,2%,1%,2%,3198
Nautica Men's Townsend Casual Lace-Up ShoeClassic Low Top Loafer Fashion Sneaker,70%,16%,6%,3%,5%,1875
Nike Men's Basketball Shoe,70%,14%,5%,0%,12%,63
adidas Men's Grand Court Tennis Shoe,80%,12%,4%,2%,3%,4293
adidas mens Questar Flow,75%,15%,6%,2%,2%,927
New Balance Men's 997H V1 Sneaker,80%,11%,4%,1%,3%,2057
Nike Men's Stroke Running Shoe,75%,11%,6%,3%,5%,797
Nike Men's Gymnastics Shoes,72%,12%,6%,3%,7%,4665
Skechers Men's Escape Plan Oxford,74%,13%,6%,2%,4%,1858
ECCO Men's Soft 7 Tie 2.0 Sneaker,100%,0%,0%,0%,0%,3
SANSHA Tutto Nero Dance Sneaker,74%,6%,3%,9%,7%,56
Nautica Men's Casual Slip-On Fashion Sneakers-Walking Shoes-Lightweight Joggers,75%,14%,4%,2%,4%,1148
Skechers Men's Max Cushioning Premier Vantage-Performance Walking & Running Shoe Sneaker,76%,14%,5%,2%,3%,1981
Under Armour Men's HOVR Rise Cross Trainer,75%,15%,5%,2%,3%,879
PUMA Men's Viz Runner Cross-trainer,74%,13%,5%,3%,4%,1389
Reebok Men's ZigWild Tr 6 Trail Running Shoe,82%,11%,4%,1%,3%,859
adidas Men's Crazychaos Running Shoe,73%,13%,6%,2%,5%,298
adidas Men's Hoops 2.0 Mid Basketball Shoe,81%,11%,4%,2%,2%,1622
LI-NING Sonic Ⅸ Professional On Court Basketball Shoes Light Foam Lining Sport Sneakers ABPR017 ABAR011,79%,11%,6%,0%,5%,57
Merrell Men's Fitness Shoes,72%,14%,8%,3%,4%,3238
ECCO Men's Soft 7 Long Lace Sneaker,75%,14%,6%,2%,3%,2084
New Balance Men's All Coast 210 V1 Sneaker,73%,16%,5%,2%,4%,1711
Skechers Men's Energy Afterburn Shoes,75%,14%,6%,2%,3%,10833
Damyuan Mens Lightweight Athletic Running Walking Gym Shoes Casual Sports Shoes Fashion Sneakers Walking Shoes,58%,17%,10%,5%,9%,4671
MEHOTO Mens Air Running Sneakers Men Sport Fitness Gym Jogging Walking Lightweight Shoes Size 7-12.5,64%,16%,7%,4%,9%,3804
APRILSPRING Mens Walking Shoes Fashion Running Sports Non Slip Sneakers,61%,16%,9%,5%,9%,7616
Fila Men’s Memory Workshift Slip Resistant Work Shoe,66%,17%,8%,4%,5%,20798
TIAMOU Men Running Walking Shoes Sport Athletic Wihte Jogging Sneakers,63%,16%,9%,4%,8%,5782
LZDZN Running Sneakers for Men Shoes Tennis Air Men's Trail Runners Athletic Youth Sport Walking Man Casual Fashion Jogging Male Blade Size Big Outdoor Lightweight Mesh Breathable Summer,100%,0%,0%,0%,0%,1
KEEZMZ Men's Running Shoes Fashion Breathable Sneakers Mesh Soft Sole Casual Athletic Lightweight,54%,19%,12%,6%,9%,5533
PUMA Men's Super Liga Og Sneaker,77%,12%,5%,2%,4%,1935
Under Armour Men's HOVR Rise Cross Trainer,75%,15%,5%,2%,3%,879
PUMA Men's Viz Runner Cross-trainer,74%,13%,5%,3%,4%,1389
Reebok Men's ZigWild Tr 6 Trail Running Shoe,82%,11%,4%,1%,3%,859
Nike Men's Gymnastics Shoes,72%,12%,6%,3%,7%,4665
adidas Men's Hoops 2.0 Mid Basketball Shoe,81%,11%,4%,2%,2%,1622
Merrell Men's Fitness Shoes,72%,14%,8%,3%,4%,3238
Brooks Men's Revel 4,78%,12%,5%,2%,3%,2509
ECCO Men's Soft 7 Long Lace Sneaker,75%,14%,6%,2%,3%,2084
Skechers Men's Max Cushioning Premier Vantage-Performance Walking & Running Shoe Sneaker,76%,14%,5%,2%,3%,1981
Skechers Men's Energy Afterburn Shoes,75%,14%,6%,2%,3%,10833
PUMA Unisex-Adult X-ray Sneaker,74%,13%,6%,3%,4%,292
Tvtaop Mens Tennis Shoes Athletic Running Shoes Lightweight Sneakers Non Slip Walking Gym Shoes,57%,18%,10%,4%,11%,306
Damyuan Mens Lightweight Athletic Running Walking Gym Shoes Casual Sports Shoes Fashion Sneakers Walking Shoes,58%,17%,10%,5%,9%,4671
Hgyltch Mens Running Shoes Tennis Fashion Sneakers Athletic Casual Slip On Walking Gym Lightweight Breathable Shoes,53%,20%,11%,7%,9%,381
Sperry Men's Striper II CVO Baja Sneaker,73%,16%,5%,3%,3%,3438
ECCO Men's Low-Top Sneakers 9.5,67%,19%,9%,4%,2%,66
Alpine Swiss Kilian Mesh Sneakers Breathable Lightweight Fashion Trainers,58%,16%,12%,4%,11%,390
HARLEY-DAVIDSON FOOTWEAR Men's Nathan Vulcanized Sneaker,79%,12%,5%,2%,2%,1725
Reebok Men's Ex-o-fit Hi Sneaker,81%,8%,4%,2%,5%,3196
Saucony Men's Grid Omni Walker Running Shoe 11 D Mens,59%,15%,12%,6%,8%,1287
K-Swiss Men's ST329 CMF Training Shoe,81%,11%,3%,1%,3%,7500
New Balance Men's All Coast 210 V1 Sneaker,73%,16%,5%,2%,4%,1711
Reebok Men's Nano X1 Cross Trainer,71%,13%,6%,3%,6%,1188
New Balance Men's 411 V1 Walking Shoe,71%,16%,6%,3%,4%,7204
ASICS Men's Gel-Contend 5 Running Shoes,78%,14%,4%,1%,2%,9491
ikunka Men's Trail Running Shoes Outdoor Hiking Sneakers Lightweight Non Slip for Walking Fashion Camping Trekking,0%,100%,0%,0%,0%,1
YDB Men's Running Shoes Ultra Lightweight Breathable Walking Shoes Non Slip Athletic Fashion Sneakers Mesh Workout Casual Sports Shoes,61%,20%,9%,4%,7%,1844
Diesel Men's S-astico Low Cut Sneakers,100%,0%,0%,0%,0%,1
ECCO Men's St1 Sneaker 6.5 UK,37%,15%,23%,12%,13%,18
Sperry Top-Sider Men's Chambray Striper CVO Sneaker,72%,15%,6%,3%,4%,2150
adidas Men's Ultraboost 21 Running Shoe,78%,11%,5%,2%,4%,1874
Converse Unisex Chuck Taylor All Star Ox,66%,11%,14%,0%,9%,24
ALDO Men's Rpplfrost1a Sneaker,62%,14%,11%,7%,7%,21
Propét Men's LifeWalker Strap Walking Shoe,68%,15%,7%,4%,5%,3638
Skechers Men's Flex Advantage Sr Work Shoe,72%,17%,6%,2%,3%,3295
Columbia Men's Peakfreak Nomad Waterproof-M,68%,18%,7%,3%,4%,4645
Nike Men's Air Max 2017 Running Shoes,75%,12%,4%,2%,7%,738
adidas Men's Strutter Cross Trainer,64%,18%,9%,4%,5%,1038
Reebok Men's Liquifect 180 2.0 SPT Cross Trainer,72%,16%,5%,3%,5%,52
adidas Men's Falcon,74%,14%,6%,2%,3%,2288
ASICS Men's Gel-Venture 6 MX Running Shoes,76%,16%,5%,2%,2%,24436
Skechers Men's Gowalk Arch Fit-Athletic Workout Walking Shoe with Air Cooled Foam Sneaker,76%,16%,4%,2%,3%,1385
New Balance Men's 574 V2 Sneaker,79%,11%,5%,2%,4%,13562
Men's Sperry Bahama II Boat Shoe,79%,12%,4%,2%,3%,2166
J75 by Jump Men's Soros Light Weight | Stylish | Lace-up | Rhinestone & Metallic Ornament Detail | High-top Fashion Sneakers | Walking Shoes for Men,75%,10%,0%,0%,15%,16
Nike Metcon Sport,75%,12%,6%,3%,4%,1171
Nike Men's Flight Legacy Casual Sneakers,73%,11%,6%,2%,8%,691
ECCO Men's Street Tray Urban Sneaker,50%,50%,0%,0%,0%,4
Clarks Men's Step Urban Mix Sneaker,66%,16%,9%,4%,6%,852
HARLEY-DAVIDSON FOOTWEAR en's Baxter Skateboarding Shoe,77%,11%,5%,3%,4%,1189
New Balance Men's 624 V2 Casual Comfort Cross Trainer,74%,16%,5%,2%,4%,5244
MEHOTO Mens Air Running Sneakers Men Sport Fitness Gym Jogging Walking Lightweight Shoes Size 7-12.5,64%,16%,7%,4%,9%,3804
Men's Sneakers Slip-On Tennis Shoes - Lightweight Walking Shoes Breathable Non Slip Cross Trainers Shoes for Gym Workout Jogging,60%,19%,7%,6%,8%,650
Fila Men’s Memory Workshift Slip Resistant Work Shoe,66%,17%,8%,4%,5%,20798
LZDZN Athletic Sport Running Walking Shoes for Men Mesh Breathable Trail Runners Fashion Sneakers,49%,16%,16%,3%,17%,39
TIAMOU Men Running Walking Shoes Sport Athletic Wihte Jogging Sneakers,63%,16%,9%,4%,8%,5782
New Balance Men's Fresh Foam Arishi V3 Running Shoe,74%,15%,5%,2%,4%,5095
Clarks Men's Langton Easy Sneaker,71%,12%,9%,3%,5%,49
adidas Men's 90s Valasion Sneaker,61%,18%,9%,4%,8%,294
Amazon Essentials Men's Lace Up Knit Athleisure Sneaker,60%,20%,7%,4%,9%,166
Amazon Essentials Men's Canvas Lace Up Beach Sneaker,58%,22%,8%,5%,7%,301
TOMS Men's Baja Slip-On Sneaker,59%,21%,9%,4%,7%,508
adidas Men's Phosphere Running Shoe,76%,14%,4%,2%,3%,1680
Reebok Men's Club C Sneaker,82%,11%,5%,0%,2%,33
SeaVees Men's Hermosa Plimsoll Grayers Sneaker,65%,13%,0%,0%,21%,4
Tommy Hilfiger Men's Randal Sneaker,75%,14%,5%,2%,4%,447
Polo Ralph Lauren Polo Court,77%,12%,6%,1%,4%,191
Nike Men's Running Shoes,76%,15%,4%,2%,4%,1016
Tvtaop Mens Tennis Shoes Athletic Running Shoes Lightweight Sneakers Non Slip Walking Gym Shoes,57%,18%,10%,4%,11%,306
Hgyltch Mens Running Shoes Tennis Fashion Sneakers Athletic Casual Slip On Walking Gym Lightweight Breathable Shoes,53%,20%,11%,7%,9%,381
Diesel Men's S-astico Low Cut Sneakers,100%,0%,0%,0%,0%,1
New Balance Men's 997H V1 Sneaker,80%,11%,4%,1%,3%,2057
Converse Chuck Taylor All Star Hi Sneakers Natural Womens,91%,9%,0%,0%,0%,11
Merrell Freewheel 2 Men's,65%,13%,7%,6%,8%,18
K-Swiss Men's Sector Sneaker,71%,19%,5%,0%,5%,49
HARLEY-DAVIDSON FOOTWEAR Men's Roarke-m,74%,11%,7%,2%,6%,727
YDB Men's Running Shoes Ultra Lightweight Breathable Walking Shoes Non Slip Athletic Fashion Sneakers Mesh Workout Casual Sports Shoes,61%,20%,9%,4%,7%,1844
mitvr Men's Loafer Shoes Lace Up Casual Working Driving Shoes Fashion Sneakers,0%,0%,100%,0%,0%,2
Feetmat Men's Non Slip Gym Sneakers Lightweight Breathable Athletic Running Walking Tennis Shoes…,56%,18%,11%,5%,10%,881
Damyuan Mens Lightweight Athletic Running Walking Gym Shoes Casual Sports Shoes Fashion Sneakers Walking Shoes,58%,17%,10%,5%,9%,4671
MEHOTO Mens Air Running Sneakers Men Sport Fitness Gym Jogging Walking Lightweight Shoes Size 7-12.5,64%,16%,7%,4%,9%,3804
BomKinta Men's Road Running Shoes Breathable Gym Sneakers Fashion Walking Athletic Shoes,62%,18%,11%,4%,4%,210
Men's Walking Shoes Running Non Slip Casual Fashion Sneakers,67%,17%,7%,2%,6%,440
MEHOTO Mens Air Running Sneakers Men Sport Fitness Gym Jogging Walking Lightweight Shoes Size 7-12.5,64%,16%,7%,4%,9%,3804
Damyuan Mens Lightweight Athletic Running Walking Gym Shoes Casual Sports Shoes Fashion Sneakers Walking Shoes,58%,17%,10%,5%,9%,4671
Fila Men’s Memory Workshift Slip Resistant Work Shoe,66%,17%,8%,4%,5%,20798
ECCO Men's Street Tray Classic Sneaker,58%,19%,7%,6%,11%,56
PUMA Unisex-Adult Super Levitate Sneaker,71%,16%,6%,3%,4%,3974
Skechers Men's Delson-Axton Sneaker,76%,13%,5%,2%,3%,3310
Skechers Unisex-Adult Classic Fit-Delson-Camden Sneaker,78%,13%,5%,2%,3%,22327
Sperry Men's Halyard CVO Sneaker,77%,14%,4%,2%,2%,1339
Fila mens Strada Disruptor,78%,11%,4%,2%,4%,1757
adidas Men's Advantage Eco Sneaker,82%,11%,3%,1%,3%,279
Nike Men's Basketball Shoes,67%,15%,6%,4%,7%,466
Nike Men's Downshifter 9 Running Shoe,75%,14%,5%,2%,4%,6994
Nike Mens Air Monarch Iv,75%,13%,5%,3%,4%,2119
Bruno Marc Men's Mesh Sneakers Oxfords Lightweight Shoes,76%,15%,5%,2%,2%,3092
Skechers Men's Equalizer 3.0 Oxford,76%,15%,5%,2%,3%,3527
BRONAX Men's Stylish Graffiti Personality Sneakers,68%,16%,8%,3%,5%,12813
YDB Men's Running Shoes Ultra Lightweight Breathable Walking Shoes Non Slip Athletic Fashion Sneakers Mesh Workout Casual Sports Shoes,61%,20%,9%,4%,7%,1844
Tvtaop Mens Tennis Shoes Athletic Running Shoes Lightweight Sneakers Non Slip Walking Gym Shoes,57%,18%,10%,4%,11%,306
Reebok Unisex-Adult Club C Coast Sneaker,83%,10%,7%,0%,0%,33
Concept 3 by Skechers Men's Xavien Lace-up Sneaker,63%,18%,10%,4%,5%,1677
adidas Originals Men's NMD_r1 Running Shoe,83%,10%,3%,1%,3%,6688
adidas Originals Men's Speed Trainer 4 Baseball Shoe,74%,14%,7%,3%,3%,888
PUMA Select Men's Suede Classic Plus Sneakers,78%,13%,5%,2%,3%,11427
ECCO Men's Street Tray Gore-tex Sneaker,56%,13%,9%,5%,17%,53
Skechers Men's Go Walk Max-athletic Air Mesh Slip on Walking Shoe,72%,15%,6%,2%,4%,20753
Reebok Men's Bb4500 Hi 2 Sneaker,73%,15%,6%,2%,4%,8113
PUMA Unisex-Baby Carson 2 Hook and Loop Sneaker,67%,15%,7%,6%,5%,101
New Balance Men's 577 V1 Lace-up Walking Shoe,69%,16%,7%,4%,5%,9105
Reebok Unisex-Adult Royal Cl Jogger 3 Sneaker,60%,23%,9%,2%,6%,61
PUMA Suede Suede Classic + LFS Sneaker,55%,12%,7%,5%,21%,4627
AX BOXING Mens Casual Shoes Fashion Sneakers Breathable Comfort Walking Shoes for Male,64%,20%,9%,3%,4%,1075
FUSHITON Mens Athletic Walking Blade Running Tennis Shoes Fashion Sneakers,58%,18%,10%,5%,9%,1091
BomKinta Men's Road Running Shoes Breathable Gym Sneakers Fashion Walking Athletic Shoes,62%,18%,11%,4%,4%,210
PUMA Men's Cell Surin 2.0 FM Sneaker,74%,14%,6%,2%,4%,5083
New Balance Men's 574 V2 Evergreen Sneaker,78%,11%,5%,2%,3%,7465
Kenneth Cole New York Men's Liam Sneaker,66%,19%,7%,4%,5%,381
adidas Originals Men's X_PLR Sneaker,83%,11%,3%,1%,2%,1670
Polo Ralph Lauren Men's Faxon Low Sneaker,74%,14%,6%,2%,3%,7423
ECCO Men's Soft Classic Sneaker,70%,16%,6%,3%,6%,690
Nike Men's Training Basketball Shoe,79%,12%,3%,2%,4%,737
adidas Originals Superstar Mens Casual Classic Sneaker Fy2826,81%,13%,6%,0%,0%,51
Converse Unisex-Adult Chuck Taylor All Star 2018 Seasonal High Top Sneaker,82%,9%,4%,1%,4%,30941
Nike Men's Air Monarch Iv (4e) Cross Trainer,78%,13%,4%,2%,3%,3422
Nike Men's Revolution 5 Wide Running Shoe,77%,13%,5%,2%,4%,20620
Fila Men’s Memory At Peake Composite Toe Work Shoe,59%,17%,12%,5%,7%,678
Avia Avi-Verge Men’s Sneakers - Workout Walking Athletic Cross Training Tennis Weightlifting Gym Shoes for Men,63%,19%,8%,4%,6%,1324
adidas Men's Hoops Mid 2.0 Basketball Shoe Black/White/Black 8,77%,13%,5%,3%,2%,118
Vans Men's Asher (Canvas) Skate Shoe,81%,10%,4%,1%,4%,1659
adidas Men's Strutter,67%,16%,10%,4%,3%,1753
PUMA Unisex-Adult Future Rider Pride Sneaker,77%,9%,4%,3%,7%,82
Nike Mens Tanjun Running Sneaker Black/Anthracite/Black 9,75%,16%,5%,1%,4%,319
DC Men's Pure Casual Skate Shoe,79%,11%,5%,2%,3%,6765
New Balance Men's 481 V3 Trail Running Shoe,71%,16%,7%,3%,4%,14638
PUMA Men's El Rey 2 Sneaker,69%,13%,7%,4%,6%,1073
Nike Air Max Ivo Mens Running Trainers Cd1540 Sneakers Shoes,77%,11%,3%,2%,7%,164
Skechers for Work Men's Synergy Ekron Alloy Toe Work Shoe,71%,17%,6%,2%,3%,4364
ECCO Men's Byway Tred Gore-tex Sneaker,74%,14%,4%,4%,4%,202
Men's Running Shoes Blade Tennis Walking Fashion Sneakers Breathable Non Slip Gym Sports Work Trainers,65%,15%,9%,3%,7%,403
Diesel Men's S-astico Low Cut Sneakers,100%,0%,0%,0%,0%,1
APRILSPRING Mens Walking Shoes Fashion Running Sports Non Slip Sneakers,61%,16%,9%,5%,9%,7616
KUXIE Mens Running Shoes Athletic Casual Walking Shoes Fashion Sneakers,59%,14%,11%,6%,10%,431
TIAMOU Men Running Walking Shoes Sport Athletic Wihte Jogging Sneakers,63%,16%,9%,4%,8%,5782
FZUU Men's Fashion High Top Leather Street Sneakers Sports Casual Shoes,57%,15%,11%,6%,11%,1818
Fila Men’s Memory Workshift Slip Resistant Work Shoe,66%,17%,8%,4%,5%,20798
Skechers Men's Equalizer 2.0 True Balance Sneaker,73%,16%,6%,2%,3%,6342
Nautica Mens High-Top Sock Sneaker with Extra Ankle Support (Slip-On/Lace-up),72%,13%,5%,4%,6%,210
Skechers Men's Afterburn M. Fit Strike on,71%,16%,7%,2%,4%,6972
K-Swiss Men's Court Casal SDE Sneaker,68%,17%,5%,2%,9%,74
Skechers Men's Energy Afterburn Lace-Up Sneaker,73%,15%,6%,2%,4%,17962
New Balance Men's 623 V3 Casual Comfort Cross Trainer,70%,17%,6%,2%,4%,9045
adidas Men's Hoops Mid 2.0 Basketball Shoe Black/White/Black 12,82%,9%,5%,0%,3%,175
HARLEY-DAVIDSON FOOTWEAR Men's Roarke-m,74%,11%,7%,2%,6%,727
Nike Men's Race Running Shoe,73%,15%,5%,2%,4%,2326
Skechers mens Stamina - Nuovo,74%,15%,6%,2%,3%,3410
OLUKAI Alapa Li Men's Athletic Sneakers Breathable Mesh & Moisture-Wicking Design No Tie Laces Lightweight & Supportive,80%,11%,4%,2%,4%,740
Nike Men's Gymnastics Shoes,81%,8%,3%,2%,6%,3805
Tvtaop Mens Tennis Shoes Athletic Running Shoes Lightweight Sneakers Non Slip Walking Gym Shoes,57%,18%,10%,4%,11%,306
Damyuan Mens Lightweight Athletic Running Walking Gym Shoes Casual Sports Shoes Fashion Sneakers Walking Shoes,58%,17%,10%,5%,9%,4671
BomKinta Men's Road Running Shoes Breathable Gym Sneakers Fashion Walking Athletic Shoes,62%,18%,11%,4%,4%,210
Skechers Sport Men's Stamina Nuovo Cutback Lace-Up Sneaker,76%,14%,6%,2%,2%,13633
PUMA Men's Tazon 6 Fade Cross-Trainer Shoe,74%,15%,6%,2%,3%,20696
Under Armour Men's Ignite Vi Graphic Strap Slide Sandal,76%,13%,6%,2%,3%,42645
K-Swiss Men's ST329 Sneaker,81%,12%,3%,2%,2%,2219
New Balance Men's 520 V7 Running Shoe,68%,16%,7%,3%,5%,1175
Lacoste Men's Chaymon Sneaker,76%,12%,5%,2%,5%,2162
Under Armour Men's Charged Assert 9 Running Shoe,80%,12%,4%,1%,3%,2542
Concept 3 by Skechers Men's Eakins Lace-up Sneaker,57%,28%,10%,4%,2%,216
Sperry Men's Coast Line Blucher,79%,15%,5%,0%,1%,89
New Balance Men's Fresh Foam Arishi V3 Running Shoe,74%,15%,5%,2%,4%,5095
adidas Men's Trainers,82%,10%,4%,2%,3%,2698
Nautica Men's Fashion Sneakers Lace-Up Trainers Basketball Style Walking Shoes,75%,0%,25%,0%,0%,7
BRONAX Men's Stylish Graffiti Personality Sneakers,68%,16%,8%,3%,5%,12813
AX BOXING Mens Casual Shoes Fashion Sneakers Breathable Comfort Walking Shoes for Male,64%,20%,9%,3%,4%,1075
ECCO Men's Collin 2.0 Slip-on,76%,13%,5%,4%,2%,551
PUMA Men's Redon Move Fashion Sneaker,64%,16%,8%,4%,8%,2140
Under Armour Men's HOVR Infinite 2 Running Shoe,79%,12%,5%,1%,3%,1789
adidas Men's Alphabounce Slide,83%,11%,3%,1%,2%,18330
adidas Originals Men's Swift Essential Sneaker,78%,11%,4%,2%,5%,1923
PUMA Men's Roma Classic Gum Sneaker,70%,14%,6%,3%,7%,2591
Amazon Essentials Men's Sport Casual Slip on Sneaker,60%,20%,10%,3%,8%,64
Nike Men's Court Royale AC Sneaker,76%,12%,7%,1%,4%,1345
Reebok Men's Nanoflex Tr Cross Trainer,72%,11%,5%,5%,8%,30
adidas Originals Men's Seeley Running Shoe,75%,14%,6%,2%,3%,9286
adidas Men's Advantage Sneaker,79%,13%,4%,1%,2%,7316
adidas Men's Kaptir 2.0 Running Shoe,81%,10%,4%,1%,3%,640
Tommy Hilfiger Men's Rezz Sneaker,81%,12%,3%,1%,3%,660
Concept 3 by Skechers Men's Hearn Lace-up Mesh Sneaker,69%,20%,6%,2%,2%,1295
adidas Originals Unisex-Adult Tubular Doom Sock PK Running Shoe,74%,10%,8%,2%,6%,336
Reebok Men's Nanoflex Cross Trainer,67%,15%,9%,3%,5%,541
Troadlop Men's Running Shoes Non Slip Shoes Breathable Lightweight Sneakers Slip Resistant Athletic Sports Walking Gym Work Shoes,58%,16%,10%,5%,11%,4951
ECCO Men's Street Tray Retro Slip-on Sneaker,0%,100%,0%,0%,0%,1
New Balance Men's 577 V1 Hook and Loop Walking Shoe,66%,16%,7%,4%,6%,13498
ECCO Men's Biom 2.0 Low Textile Sneaker,68%,0%,24%,8%,0%,20
Nike Mens Air Force 1 High '07,81%,9%,4%,2%,4%,1145
adidas Originals Men's Continental 80 Sneaker,73%,13%,6%,3%,5%,3030
adidas Men's HVC Wrestling Shoe,78%,12%,4%,1%,4%,5194
YDB Men's Running Shoes Ultra Lightweight Breathable Walking Shoes Non Slip Athletic Fashion Sneakers Mesh Workout Casual Sports Shoes,61%,20%,9%,4%,7%,1844
APRILSPRING Mens Walking Shoes Fashion Running Sports Non Slip Sneakers,61%,16%,9%,5%,9%,7616
Men's Sneakers Slip-On Tennis Shoes - Lightweight Walking Shoes Breathable Non Slip Cross Trainers Shoes for Gym Workout Jogging,60%,19%,7%,6%,8%,650
BRONAX Men's Lace up Gym Athletics Sneakers Tennis Shoes,70%,13%,8%,5%,4%,210
Men's Running Shoes Blade Tennis Walking Fashion Sneakers Breathable Non Slip Gym Sports Work Trainers,65%,15%,9%,3%,7%,403
KUXIE Mens Running Shoes Athletic Casual Walking Shoes Fashion Sneakers,59%,14%,11%,6%,10%,431
FZUU Men's Fashion High Top Leather Street Sneakers Sports Casual Shoes,57%,15%,11%,6%,11%,1818
Lacoste Men's Gripshot Chukka Sneaker,79%,12%,4%,2%,3%,290
Converse Men's Jack Purcell Canvas Sneakers,78%,11%,4%,2%,5%,171
Skechers Men's Equalizer 2.0 True Balance Sneaker,73%,16%,6%,2%,3%,6342
Saucony Unisex-Adult Shadow Original Sneaker,75%,12%,0%,0%,12%,11
Skechers Men's Track Scloric Oxford,74%,16%,5%,2%,3%,5766
Reebok Men's Club C Sneaker,79%,14%,2%,1%,4%,337
Saucony Men's Hornet Sneaker,63%,19%,7%,7%,4%,36
ECCO Men's St.360 Street Sneaker,0%,100%,0%,0%,0%,1
TOMS Men's Carlo Sneaker,66%,13%,8%,4%,9%,170
Cole Haan Men's Grandsport Journey Knit Sneaker,75%,10%,9%,0%,7%,61
Nike Mens Sb Charge Slip Skate Shoes Ct3523,74%,14%,4%,2%,5%,293
XIDISO Mens Fashion Sneakers Sports Shoe Athletic Walking Running Shoes Casual Sneaker,67%,15%,7%,4%,7%,3141
BRONAX Men's Stylish Graffiti Personality Sneakers,68%,16%,8%,3%,5%,12813
Tvtaop Mens Tennis Shoes Athletic Running Shoes Lightweight Sneakers Non Slip Walking Gym Shoes,57%,18%,10%,4%,11%,306
Lacoste Men's Graduate Sneaker,74%,12%,6%,4%,5%,408
Avia Avi-Verge Men’s Sneakers - Workout Walking Athletic Cross Training Tennis Weightlifting Gym Shoes for Men,63%,19%,8%,4%,6%,1324
adidas Men's Hoops Mid 2.0 Basketball Shoe Black/White/Black 8,77%,13%,5%,3%,2%,118
Nike Men's Court Lite 2 Tennis Shoe,69%,15%,8%,2%,6%,1296
Mizuno Men's TC-02 Cross Trainer,60%,13%,13%,6%,8%,123
Converse Men's Street Leather High Top Sneaker,84%,9%,3%,1%,3%,4210
PUMA Unisex-Adult Future Rider Pride Sneaker,77%,9%,4%,3%,7%,82
Skechers Men's Elite Flex Hartnell Loafer,78%,15%,4%,2%,2%,2202
Under Armour Men's Charged Pursuit 2 Running Shoe,80%,12%,5%,2%,2%,1485
New Balance Men's All Coast 210 V1 Sneaker,73%,16%,5%,2%,4%,1711
Vionic Men's Forrest Trent Casual Sneaker-Supportive Walking Shoes That Include Three-Zone Comfort with Orthotic Insole Arch Support Sneakers for Men Active Sneakers,63%,10%,7%,9%,10%,35
Sperry Men's Gold Victura LTT Sneaker,78%,0%,22%,0%,0%,6
JSLEAP Mens Running Shoes Walking Non Slip Blade Type Sneakers,65%,14%,8%,4%,9%,22967
AX BOXING Mens Casual Shoes Fashion Sneakers Breathable Comfort Walking Shoes for Male,64%,20%,9%,3%,4%,1075
Diesel Men's S-astico Low Cut Sneakers,100%,0%,0%,0%,0%,1
Fila Men's F-13 M fashion-sneakers,73%,13%,7%,3%,4%,546
ECCO Men's Byway Tred Gore-tex Sneaker,74%,14%,4%,4%,4%,202
Dr. Scholl's Shoes Men's Sebastian Sneaker,75%,15%,5%,2%,4%,502
Rockport Men's Total Motion Lite Slipon Sneaker,69%,16%,10%,2%,3%,175
Fila Men's Torranado Basketball Shoe,61%,17%,5%,8%,9%,108
Reebok Men's Classic Harman Run Sneaker,77%,12%,6%,2%,4%,568
Nautica Mens High-Top Sock Sneaker with Extra Ankle Support (Slip-On/Lace-up),72%,13%,5%,4%,6%,210
adidas Men's X9000l4 Running Shoe,72%,14%,6%,3%,6%,613
ASICS Men's Stroke Running Shoe,77%,13%,4%,3%,3%,176
adidas Men's Daily 2.0 Sneaker,78%,14%,4%,1%,2%,7501
Skechers Men's Afterburn M. Fit Strike on,71%,16%,7%,2%,4%,6972
Clarks Men's Step Urban Mix Sneaker,66%,16%,9%,4%,6%,852
Fila Men's Grant Hill 2 90s Sneaker,88%,8%,2%,0%,3%,163
Lacoste Men's Storm 96 Sneaker,70%,14%,7%,0%,10%,68
Skechers Men's Gowalk Max-Athletic Workout Walking Shoe with Air Cooled Foam Sneaker,68%,16%,7%,5%,4%,1349
New Balance Men's 574 V2 Plaid Sneaker,72%,28%,0%,0%,0%,8
Cole Haan Men's Grand Motion Stitchlite Slip-on Sneaker,41%,59%,0%,0%,0%,3
PUMA Mens RS Fast Royal Fl MEsj Mesh Fashion Sneakers,100%,0%,0%,0%,0%,2
PUMA Mens Replicat-X 1.8 Pirelli Lifestyle Performance Fashion Sneakers,100%,0%,0%,0%,0%,2
Steve Madden Men's Frias Sneaker,100%,0%,0%,0%,0%,8
adidas Mens LXCON,58%,28%,3%,10%,0%,16
New Balance Men's Fresh Foam Arishi V3 Running Shoe,74%,15%,5%,2%,4%,5095
YDB Men's Running Shoes Ultra Lightweight Breathable Walking Shoes Non Slip Athletic Fashion Sneakers Mesh Workout Casual Sports Shoes,61%,20%,9%,4%,7%,1844
FUJEAK Men Running Shoes Men Casual Breathable Walking Shoes Sport Athletic Sneakers Gym Tennis Slip On Comfortable Lightweight Shoes,59%,20%,9%,5%,7%,4203
AX BOXING Mens Casual Shoes Fashion Sneakers Breathable Comfort Walking Shoes for Male,64%,20%,9%,3%,4%,1075
BRONAX Men's Lace up Gym Athletics Sneakers Tennis Shoes,70%,13%,8%,5%,4%,210
TIAMOU Men Running Walking Shoes Sport Athletic Wihte Jogging Sneakers,63%,16%,9%,4%,8%,5782
Men's Walking Shoes Running Non Slip Casual Fashion Sneakers,67%,17%,7%,2%,6%,440
adidas Men's 90s Valasion Sneaker,61%,18%,9%,4%,8%,294
Amazon Essentials Men's Lace Up Knit Athleisure Sneaker,60%,20%,7%,4%,9%,166
Amazon Essentials Men's Canvas Lace Up Beach Sneaker,58%,22%,8%,5%,7%,301
TOMS Men's Baja Slip-On Sneaker,59%,21%,9%,4%,7%,508
Reebok Men's Club C Sneaker,82%,11%,5%,0%,2%,33
SeaVees Men's Hermosa Plimsoll Grayers Sneaker,65%,13%,0%,0%,21%,4
Tommy Hilfiger Men's Randal Sneaker,75%,14%,5%,2%,4%,447
Polo Ralph Lauren Polo Court,77%,12%,6%,1%,4%,191
Nike Men's Running Shoes,76%,15%,4%,2%,4%,1016
New Balance Men's 997H V1 Sneaker,80%,11%,4%,1%,3%,2057
Converse Chuck Taylor All Star Hi Sneakers Natural Womens,91%,9%,0%,0%,0%,11
JSLEAP Mens Running Shoes Walking Non Slip Blade Type Sneakers,65%,14%,8%,4%,9%,22967
Damyuan Mens Lightweight Athletic Running Walking Gym Shoes Casual Sports Shoes Fashion Sneakers Walking Shoes,58%,17%,10%,5%,9%,4671
Feetmat Men's Non Slip Gym Sneakers Lightweight Breathable Athletic Running Walking Tennis Shoes…,56%,18%,11%,5%,10%,881
adidas Men's Entrap Basketball Shoe,73%,14%,6%,3%,4%,907
Merrell Freewheel 2 Men's,65%,13%,7%,6%,8%,18
K-Swiss Men's Sector Sneaker,71%,19%,5%,0%,5%,49
HARLEY-DAVIDSON FOOTWEAR Men's Roarke-m,74%,11%,7%,2%,6%,727
Diesel Men's SKB S-kby Sneaker,74%,6%,7%,0%,12%,62
BomKinta Men's Road Running Shoes Breathable Gym Sneakers Fashion Walking Athletic Shoes,62%,18%,11%,4%,4%,210
BRONAX Men's Stylish Graffiti Personality Sneakers,68%,16%,8%,3%,5%,12813
FUSHITON Mens Athletic Walking Blade Running Tennis Shoes Fashion Sneakers,58%,18%,10%,5%,9%,1091
Tvtaop Mens Tennis Shoes Athletic Running Shoes Lightweight Sneakers Non Slip Walking Gym Shoes,57%,18%,10%,4%,11%,306
YDB Men's Running Shoes Ultra Lightweight Breathable Walking Shoes Non Slip Athletic Fashion Sneakers Mesh Workout Casual Sports Shoes,61%,20%,9%,4%,7%,1844
